<?xml version="1.0" encoding="UTF-8"?>
<vivadoHLSLog:LogRoot xmlns:vivadoHLSLog="www.xilinx.com/vivadoHLSLog">
  <errorLogs>
    <logs>
      <synLog/>
      <simLog/>
      <mgLog/>
      <packageLog/>
      <csimLog/>
    </logs>
  </errorLogs>
  <warningLogs>
    <logs>
      <synLog>
        <logs message="WARNING: [XFORM 203-503] Ignored partial unroll directive for loop 'Loop-3.1.1' (vhls/mmult.h:82) because its parent loop or function is pipelined." projectName="lab_5" solutionName="sln1" date="2023-04-02T15:45:08.514-0400" type="Warning"/>
        <logs message="WARNING: [XFORM 203-1103] Ignored data pack directive on non-struct variable 'INPUT_STREAM.data.V' (vhls/mmult_accel.cpp:21)." projectName="lab_5" solutionName="sln1" date="2023-04-02T15:45:08.501-0400" type="Warning"/>
        <logs message="WARNING: [XFORM 203-1103] Ignored data pack directive on non-struct variable 'OUTPUT_STREAM.data.V' (vhls/mmult_accel.cpp:21)." projectName="lab_5" solutionName="sln1" date="2023-04-02T15:45:08.477-0400" type="Warning"/>
      </synLog>
      <simLog/>
      <mgLog/>
      <packageLog/>
      <csimLog/>
    </logs>
  </warningLogs>
</vivadoHLSLog:LogRoot>
