<InterfaceSummary>
<RtlPorts>
<name>INPUT_STREAM_data_V</name>
<CType>
<TypeName>ap_uint 32</TypeName>
<TypeWidth>32</TypeWidth>
<PhysicalWidth>32</PhysicalWidth>
</CType>
<CFractionWidth>0</CFractionWidth>
<InvalidType>0</InvalidType>
</RtlPorts>
<RtlPorts>
<name>INPUT_STREAM_keep_V</name>
<CType>
<TypeName>ap_uint 4</TypeName>
<TypeWidth>4</TypeWidth>
<PhysicalWidth>4</PhysicalWidth>
</CType>
<CFractionWidth>0</CFractionWidth>
<InvalidType>0</InvalidType>
</RtlPorts>
<RtlPorts>
<name>INPUT_STREAM_strb_V</name>
<CType>
<TypeName>ap_uint 4</TypeName>
<TypeWidth>4</TypeWidth>
<PhysicalWidth>4</PhysicalWidth>
</CType>
<CFractionWidth>0</CFractionWidth>
<InvalidType>0</InvalidType>
</RtlPorts>
<RtlPorts>
<name>INPUT_STREAM_user_V</name>
<CType>
<TypeName>ap_uint 4</TypeName>
<TypeWidth>4</TypeWidth>
<PhysicalWidth>4</PhysicalWidth>
</CType>
<CFractionWidth>0</CFractionWidth>
<InvalidType>0</InvalidType>
</RtlPorts>
<RtlPorts>
<name>INPUT_STREAM_last_V</name>
<CType>
<TypeName>ap_uint 1</TypeName>
<TypeWidth>1</TypeWidth>
<PhysicalWidth>1</PhysicalWidth>
</CType>
<CFractionWidth>0</CFractionWidth>
<InvalidType>0</InvalidType>
</RtlPorts>
<RtlPorts>
<name>INPUT_STREAM_id_V</name>
<CType>
<TypeName>ap_uint 5</TypeName>
<TypeWidth>5</TypeWidth>
<PhysicalWidth>5</PhysicalWidth>
</CType>
<CFractionWidth>0</CFractionWidth>
<InvalidType>0</InvalidType>
</RtlPorts>
<RtlPorts>
<name>INPUT_STREAM_dest_V</name>
<CType>
<TypeName>ap_uint 5</TypeName>
<TypeWidth>5</TypeWidth>
<PhysicalWidth>5</PhysicalWidth>
</CType>
<CFractionWidth>0</CFractionWidth>
<InvalidType>0</InvalidType>
</RtlPorts>
<RtlPorts>
<name>OUTPUT_STREAM_data_V</name>
<CType>
<TypeName>ap_uint 32</TypeName>
<TypeWidth>32</TypeWidth>
<PhysicalWidth>32</PhysicalWidth>
</CType>
<CFractionWidth>0</CFractionWidth>
<InvalidType>0</InvalidType>
</RtlPorts>
<RtlPorts>
<name>OUTPUT_STREAM_keep_V</name>
<CType>
<TypeName>ap_uint 4</TypeName>
<TypeWidth>4</TypeWidth>
<PhysicalWidth>4</PhysicalWidth>
</CType>
<CFractionWidth>0</CFractionWidth>
<InvalidType>0</InvalidType>
</RtlPorts>
<RtlPorts>
<name>OUTPUT_STREAM_strb_V</name>
<CType>
<TypeName>ap_uint 4</TypeName>
<TypeWidth>4</TypeWidth>
<PhysicalWidth>4</PhysicalWidth>
</CType>
<CFractionWidth>0</CFractionWidth>
<InvalidType>0</InvalidType>
</RtlPorts>
<RtlPorts>
<name>OUTPUT_STREAM_user_V</name>
<CType>
<TypeName>ap_uint 4</TypeName>
<TypeWidth>4</TypeWidth>
<PhysicalWidth>4</PhysicalWidth>
</CType>
<CFractionWidth>0</CFractionWidth>
<InvalidType>0</InvalidType>
</RtlPorts>
<RtlPorts>
<name>OUTPUT_STREAM_last_V</name>
<CType>
<TypeName>ap_uint 1</TypeName>
<TypeWidth>1</TypeWidth>
<PhysicalWidth>1</PhysicalWidth>
</CType>
<CFractionWidth>0</CFractionWidth>
<InvalidType>0</InvalidType>
</RtlPorts>
<RtlPorts>
<name>OUTPUT_STREAM_id_V</name>
<CType>
<TypeName>ap_uint 5</TypeName>
<TypeWidth>5</TypeWidth>
<PhysicalWidth>5</PhysicalWidth>
</CType>
<CFractionWidth>0</CFractionWidth>
<InvalidType>0</InvalidType>
</RtlPorts>
<RtlPorts>
<name>OUTPUT_STREAM_dest_V</name>
<CType>
<TypeName>ap_uint 5</TypeName>
<TypeWidth>5</TypeWidth>
<PhysicalWidth>5</PhysicalWidth>
</CType>
<CFractionWidth>0</CFractionWidth>
<InvalidType>0</InvalidType>
</RtlPorts>
</InterfaceSummary>

