<profile>

<section name = "Vivado HLS Report for 'HLS_accel'" level="0">
<item name = "Date">Sun Apr  2 15:45:12 2023
</item>
<item name = "Version">2018.3 (Build 2405991 on Thu Dec 06 23:56:15 MST 2018)</item>
<item name = "Project">lab_5</item>
<item name = "Solution">sln1</item>
<item name = "Product family">zynq</item>
<item name = "Target device">xc7z020clg400-1</item>
</section>

<section name = "Performance Estimates" level="0">
<item name = "Timing (ns)">
<section name = "" level="1">
<item name = "Target clock period (ns)">10.00</item>
<item name = "Clock uncertainty (ns)">1.25</item>
<item name = "Estimated clock period (ns)">8.092</item>
</section>
</item>
<item name = "Latency (clock cycles)">
<section name = "" level="1">
<item name = "Summary"><table name="" hasTotal="0">
<keys size="6">, min, max, min, max, Type</keys>
<column name="">5293, 5293, 5293, 5293, none</column>
</table>
</item>
<item name = "Detail">
<section name = "" level="1">
<item name = "Instance"><table name="" hasTotal="0">
<keys size="7">Instance, Module, min, max, min, max, Type</keys>
</table>
</item>
<item name = "Loop"><table name="" hasTotal="0">
<keys size="8">Loop Name, min, max, Latency, achieved, target, Count, Pipelined</keys>
<column name="- Loop 1">1024, 1024, 1, 1, 1, 1024, yes</column>
<column name="- Loop 2">1024, 1024, 1, 1, 1, 1024, yes</column>
<column name="- Loop 3">2212, 2212, 167, 2, 2, 1024, yes</column>
<column name="- Loop 4">1025, 1025, 3, 1, 1, 1024, yes</column>
</table>
</item>
</section>
</item>
</section>
</item>
</section>

<section name = "Utilization Estimates" level="0">
<item name = "Summary"><table name="" hasTotal="1">
<keys size="5">Name, BRAM_18K, DSP48E, FF, LUT</keys>
<column name="DSP">-, -, -, -</column>
<column name="Expression">-, -, 0, 536</column>
<column name="FIFO">-, -, -, -</column>
<column name="Instance">0, 80, 5604, 11416</column>
<column name="Memory">66, -, 0, 0</column>
<column name="Multiplexer">-, -, -, 1856</column>
<column name="Register">0, -, 6659, 2081</column>
<specialColumn name="Available">280, 220, 106400, 53200</specialColumn>
<specialColumn name="Utilization (%)">23, 36, 11, 29</specialColumn>
</table>
</item>
<item name = "Detail">
<section name = "" level="1">
<item name = "Instance"><table name="" hasTotal="1">
<keys size="6">Instance, Module, BRAM_18K, DSP48E, FF, LUT</keys>
<column name="HLS_accel_CONTROL_BUS_s_axi_U">HLS_accel_CONTROL_BUS_s_axi, 0, 0, 36, 40</column>
<column name="HLS_accel_fadd_32bkb_U1">HLS_accel_fadd_32bkb, 0, 2, 205, 390</column>
<column name="HLS_accel_fadd_32bkb_U2">HLS_accel_fadd_32bkb, 0, 2, 205, 390</column>
<column name="HLS_accel_fadd_32bkb_U3">HLS_accel_fadd_32bkb, 0, 2, 205, 390</column>
<column name="HLS_accel_fadd_32bkb_U4">HLS_accel_fadd_32bkb, 0, 2, 205, 390</column>
<column name="HLS_accel_fadd_32bkb_U5">HLS_accel_fadd_32bkb, 0, 2, 205, 390</column>
<column name="HLS_accel_fadd_32bkb_U6">HLS_accel_fadd_32bkb, 0, 2, 205, 390</column>
<column name="HLS_accel_fadd_32bkb_U7">HLS_accel_fadd_32bkb, 0, 2, 205, 390</column>
<column name="HLS_accel_fadd_32bkb_U8">HLS_accel_fadd_32bkb, 0, 2, 205, 390</column>
<column name="HLS_accel_fadd_32bkb_U9">HLS_accel_fadd_32bkb, 0, 2, 205, 390</column>
<column name="HLS_accel_fadd_32bkb_U10">HLS_accel_fadd_32bkb, 0, 2, 205, 390</column>
<column name="HLS_accel_fadd_32bkb_U11">HLS_accel_fadd_32bkb, 0, 2, 205, 390</column>
<column name="HLS_accel_fadd_32bkb_U12">HLS_accel_fadd_32bkb, 0, 2, 205, 390</column>
<column name="HLS_accel_fadd_32bkb_U13">HLS_accel_fadd_32bkb, 0, 2, 205, 390</column>
<column name="HLS_accel_fadd_32bkb_U14">HLS_accel_fadd_32bkb, 0, 2, 205, 390</column>
<column name="HLS_accel_fadd_32bkb_U15">HLS_accel_fadd_32bkb, 0, 2, 205, 390</column>
<column name="HLS_accel_fadd_32bkb_U16">HLS_accel_fadd_32bkb, 0, 2, 205, 390</column>
<column name="HLS_accel_fmul_32cud_U17">HLS_accel_fmul_32cud, 0, 3, 143, 321</column>
<column name="HLS_accel_fmul_32cud_U18">HLS_accel_fmul_32cud, 0, 3, 143, 321</column>
<column name="HLS_accel_fmul_32cud_U19">HLS_accel_fmul_32cud, 0, 3, 143, 321</column>
<column name="HLS_accel_fmul_32cud_U20">HLS_accel_fmul_32cud, 0, 3, 143, 321</column>
<column name="HLS_accel_fmul_32cud_U21">HLS_accel_fmul_32cud, 0, 3, 143, 321</column>
<column name="HLS_accel_fmul_32cud_U22">HLS_accel_fmul_32cud, 0, 3, 143, 321</column>
<column name="HLS_accel_fmul_32cud_U23">HLS_accel_fmul_32cud, 0, 3, 143, 321</column>
<column name="HLS_accel_fmul_32cud_U24">HLS_accel_fmul_32cud, 0, 3, 143, 321</column>
<column name="HLS_accel_fmul_32cud_U25">HLS_accel_fmul_32cud, 0, 3, 143, 321</column>
<column name="HLS_accel_fmul_32cud_U26">HLS_accel_fmul_32cud, 0, 3, 143, 321</column>
<column name="HLS_accel_fmul_32cud_U27">HLS_accel_fmul_32cud, 0, 3, 143, 321</column>
<column name="HLS_accel_fmul_32cud_U28">HLS_accel_fmul_32cud, 0, 3, 143, 321</column>
<column name="HLS_accel_fmul_32cud_U29">HLS_accel_fmul_32cud, 0, 3, 143, 321</column>
<column name="HLS_accel_fmul_32cud_U30">HLS_accel_fmul_32cud, 0, 3, 143, 321</column>
<column name="HLS_accel_fmul_32cud_U31">HLS_accel_fmul_32cud, 0, 3, 143, 321</column>
<column name="HLS_accel_fmul_32cud_U32">HLS_accel_fmul_32cud, 0, 3, 143, 321</column>
</table>
</item>
<item name = "DSP48"><table name="" hasTotal="0">
<keys size="3">Instance, Module, Expression</keys>
</table>
</item>
<item name = "Memory"><table name="" hasTotal="1">
<keys size="9">Memory, Module, BRAM_18K, FF, LUT, Words, Bits, Banks, W*Bits*Banks</keys>
<column name="a_0_U">HLS_accel_a_0, 2, 0, 0, 64, 32, 1, 2048</column>
<column name="a_1_U">HLS_accel_a_0, 2, 0, 0, 64, 32, 1, 2048</column>
<column name="a_2_U">HLS_accel_a_0, 2, 0, 0, 64, 32, 1, 2048</column>
<column name="a_3_U">HLS_accel_a_0, 2, 0, 0, 64, 32, 1, 2048</column>
<column name="a_4_U">HLS_accel_a_0, 2, 0, 0, 64, 32, 1, 2048</column>
<column name="a_5_U">HLS_accel_a_0, 2, 0, 0, 64, 32, 1, 2048</column>
<column name="a_6_U">HLS_accel_a_0, 2, 0, 0, 64, 32, 1, 2048</column>
<column name="a_7_U">HLS_accel_a_0, 2, 0, 0, 64, 32, 1, 2048</column>
<column name="a_8_U">HLS_accel_a_0, 2, 0, 0, 64, 32, 1, 2048</column>
<column name="a_9_U">HLS_accel_a_0, 2, 0, 0, 64, 32, 1, 2048</column>
<column name="a_10_U">HLS_accel_a_0, 2, 0, 0, 64, 32, 1, 2048</column>
<column name="a_11_U">HLS_accel_a_0, 2, 0, 0, 64, 32, 1, 2048</column>
<column name="a_12_U">HLS_accel_a_0, 2, 0, 0, 64, 32, 1, 2048</column>
<column name="a_13_U">HLS_accel_a_0, 2, 0, 0, 64, 32, 1, 2048</column>
<column name="a_14_U">HLS_accel_a_0, 2, 0, 0, 64, 32, 1, 2048</column>
<column name="a_15_U">HLS_accel_a_0, 2, 0, 0, 64, 32, 1, 2048</column>
<column name="b_0_U">HLS_accel_a_0, 2, 0, 0, 64, 32, 1, 2048</column>
<column name="b_1_U">HLS_accel_a_0, 2, 0, 0, 64, 32, 1, 2048</column>
<column name="b_2_U">HLS_accel_a_0, 2, 0, 0, 64, 32, 1, 2048</column>
<column name="b_3_U">HLS_accel_a_0, 2, 0, 0, 64, 32, 1, 2048</column>
<column name="b_4_U">HLS_accel_a_0, 2, 0, 0, 64, 32, 1, 2048</column>
<column name="b_5_U">HLS_accel_a_0, 2, 0, 0, 64, 32, 1, 2048</column>
<column name="b_6_U">HLS_accel_a_0, 2, 0, 0, 64, 32, 1, 2048</column>
<column name="b_7_U">HLS_accel_a_0, 2, 0, 0, 64, 32, 1, 2048</column>
<column name="b_8_U">HLS_accel_a_0, 2, 0, 0, 64, 32, 1, 2048</column>
<column name="b_9_U">HLS_accel_a_0, 2, 0, 0, 64, 32, 1, 2048</column>
<column name="b_10_U">HLS_accel_a_0, 2, 0, 0, 64, 32, 1, 2048</column>
<column name="b_11_U">HLS_accel_a_0, 2, 0, 0, 64, 32, 1, 2048</column>
<column name="b_12_U">HLS_accel_a_0, 2, 0, 0, 64, 32, 1, 2048</column>
<column name="b_13_U">HLS_accel_a_0, 2, 0, 0, 64, 32, 1, 2048</column>
<column name="b_14_U">HLS_accel_a_0, 2, 0, 0, 64, 32, 1, 2048</column>
<column name="b_15_U">HLS_accel_a_0, 2, 0, 0, 64, 32, 1, 2048</column>
<column name="out_U">HLS_accel_out, 2, 0, 0, 1024, 32, 1, 32768</column>
</table>
</item>
<item name = "FIFO"><table name="" hasTotal="1">
<keys size="7">Name, BRAM_18K, FF, LUT, Depth, Bits, Size:D*B</keys>
</table>
</item>
<item name = "Expression"><table name="" hasTotal="1">
<keys size="7">Variable Name, Operation, DSP48E, FF, LUT, Bitwidth P0, Bitwidth P1</keys>
<column name="i_1_fu_1690_p2">+, 0, 0, 15, 1, 6</column>
<column name="i_2_fu_1828_p2">+, 0, 0, 15, 6, 1</column>
<column name="i_3_fu_2022_p2">+, 0, 0, 15, 1, 6</column>
<column name="i_fu_1582_p2">+, 0, 0, 15, 1, 6</column>
<column name="indvar_flatten_next1_fu_1822_p2">+, 0, 0, 13, 11, 1</column>
<column name="indvar_flatten_next2_fu_2016_p2">+, 0, 0, 13, 11, 1</column>
<column name="indvar_flatten_next7_fu_1684_p2">+, 0, 0, 13, 11, 1</column>
<column name="indvar_flatten_next_fu_1576_p2">+, 0, 0, 13, 11, 1</column>
<column name="j_1_fu_1788_p2">+, 0, 0, 15, 6, 1</column>
<column name="j_2_fu_2105_p2">+, 0, 0, 15, 1, 6</column>
<column name="j_3_fu_1980_p2">+, 0, 0, 15, 6, 1</column>
<column name="j_fu_1672_p2">+, 0, 0, 15, 6, 1</column>
<column name="k_fu_2078_p2">+, 0, 0, 14, 10, 10</column>
<column name="tmp_17_fu_1954_p2">+, 0, 0, 15, 7, 6</column>
<column name="tmp_18_fu_1999_p2">+, 0, 0, 12, 12, 12</column>
<column name="tmp_21_fu_2088_p2">+, 0, 0, 12, 12, 12</column>
<column name="tmp_8_fu_1762_p2">+, 0, 0, 15, 7, 7</column>
<column name="INPUT_STREAM_data_V_0_load_A">and, 0, 0, 2, 1, 1</column>
<column name="INPUT_STREAM_data_V_0_load_B">and, 0, 0, 2, 1, 1</column>
<column name="OUTPUT_STREAM_data_V_1_load_A">and, 0, 0, 2, 1, 1</column>
<column name="OUTPUT_STREAM_data_V_1_load_B">and, 0, 0, 2, 1, 1</column>
<column name="OUTPUT_STREAM_last_V_1_load_A">and, 0, 0, 2, 1, 1</column>
<column name="OUTPUT_STREAM_last_V_1_load_B">and, 0, 0, 2, 1, 1</column>
<column name="ap_block_state175_io">and, 0, 0, 2, 1, 1</column>
<column name="ap_block_state176_io">and, 0, 0, 2, 1, 1</column>
<column name="ap_block_state2">and, 0, 0, 2, 1, 1</column>
<column name="ap_block_state4">and, 0, 0, 2, 1, 1</column>
<column name="INPUT_STREAM_data_V_0_state_cmp_full">icmp, 0, 0, 8, 2, 1</column>
<column name="OUTPUT_STREAM_data_V_1_state_cmp_full">icmp, 0, 0, 8, 2, 1</column>
<column name="OUTPUT_STREAM_last_V_1_state_cmp_full">icmp, 0, 0, 8, 2, 1</column>
<column name="exitcond1_i_i_fu_1834_p2">icmp, 0, 0, 11, 6, 7</column>
<column name="exitcond2_i_fu_1696_p2">icmp, 0, 0, 11, 6, 7</column>
<column name="exitcond4_i_fu_1588_p2">icmp, 0, 0, 11, 6, 7</column>
<column name="exitcond_flatten1_fu_1816_p2">icmp, 0, 0, 13, 11, 12</column>
<column name="exitcond_flatten2_fu_2010_p2">icmp, 0, 0, 13, 11, 12</column>
<column name="exitcond_flatten8_fu_1678_p2">icmp, 0, 0, 13, 11, 12</column>
<column name="exitcond_flatten_fu_1570_p2">icmp, 0, 0, 13, 11, 12</column>
<column name="exitcond_i_fu_2028_p2">icmp, 0, 0, 11, 6, 7</column>
<column name="last_assign_fu_2099_p2">icmp, 0, 0, 13, 10, 2</column>
<column name="ap_block_pp3_stage0_11001">or, 0, 0, 2, 1, 1</column>
<column name="ap_block_state177">or, 0, 0, 2, 1, 1</column>
<column name="tmp_11_fu_1802_p2">or, 0, 0, 7, 7, 1</column>
<column name="tmp_14_fu_1856_p2">or, 0, 0, 7, 7, 1</column>
<column name="a_0_load_1_mid2_fu_1906_p3">select, 0, 0, 64, 1, 64</column>
<column name="a_0_load_mid2_v_fu_1878_p3">select, 0, 0, 7, 1, 7</column>
<column name="arrayNo1_cast_mid2_v_fu_1710_p3">select, 0, 0, 6, 1, 6</column>
<column name="j2_0_i_mid2_fu_1702_p3">select, 0, 0, 6, 1, 1</column>
<column name="j5_0_i_mid2_fu_2034_p3">select, 0, 0, 6, 1, 1</column>
<column name="j_0_i_i_mid2_fu_1840_p3">select, 0, 0, 6, 1, 1</column>
<column name="j_0_i_mid2_fu_1594_p3">select, 0, 0, 6, 1, 1</column>
<column name="p_v_fu_1870_p3">select, 0, 0, 6, 1, 6</column>
<column name="tmp_1_mid2_v_fu_1602_p3">select, 0, 0, 6, 1, 6</column>
<column name="tmp_8_mid2_v_v_fu_2042_p3">select, 0, 0, 6, 1, 6</column>
<column name="ap_enable_pp2">xor, 0, 0, 2, 1, 2</column>
<column name="ap_enable_pp3">xor, 0, 0, 2, 1, 2</column>
<column name="ap_enable_reg_pp3_iter1">xor, 0, 0, 2, 2, 1</column>
</table>
</item>
<item name = "Multiplexer"><table name="" hasTotal="1">
<keys size="5">Name, LUT, Input Size, Bits, Total Bits</keys>
<column name="INPUT_STREAM_TDATA_blk_n">9, 2, 1, 2</column>
<column name="INPUT_STREAM_data_V_0_data_out">9, 2, 32, 64</column>
<column name="INPUT_STREAM_data_V_0_state">15, 3, 2, 6</column>
<column name="INPUT_STREAM_dest_V_0_state">15, 3, 2, 6</column>
<column name="OUTPUT_STREAM_TDATA_blk_n">9, 2, 1, 2</column>
<column name="OUTPUT_STREAM_data_V_1_data_out">9, 2, 32, 64</column>
<column name="OUTPUT_STREAM_data_V_1_state">15, 3, 2, 6</column>
<column name="OUTPUT_STREAM_dest_V_1_state">15, 3, 2, 6</column>
<column name="OUTPUT_STREAM_id_V_1_state">15, 3, 2, 6</column>
<column name="OUTPUT_STREAM_keep_V_1_state">15, 3, 2, 6</column>
<column name="OUTPUT_STREAM_last_V_1_data_out">9, 2, 1, 2</column>
<column name="OUTPUT_STREAM_last_V_1_state">15, 3, 2, 6</column>
<column name="OUTPUT_STREAM_strb_V_1_state">15, 3, 2, 6</column>
<column name="OUTPUT_STREAM_user_V_1_state">15, 3, 2, 6</column>
<column name="a_0_address0">15, 3, 6, 18</column>
<column name="a_10_address0">15, 3, 6, 18</column>
<column name="a_11_address0">15, 3, 6, 18</column>
<column name="a_12_address0">15, 3, 6, 18</column>
<column name="a_13_address0">15, 3, 6, 18</column>
<column name="a_14_address0">15, 3, 6, 18</column>
<column name="a_15_address0">15, 3, 6, 18</column>
<column name="a_1_address0">15, 3, 6, 18</column>
<column name="a_2_address0">15, 3, 6, 18</column>
<column name="a_3_address0">15, 3, 6, 18</column>
<column name="a_4_address0">15, 3, 6, 18</column>
<column name="a_5_address0">15, 3, 6, 18</column>
<column name="a_6_address0">15, 3, 6, 18</column>
<column name="a_7_address0">15, 3, 6, 18</column>
<column name="a_8_address0">15, 3, 6, 18</column>
<column name="a_9_address0">15, 3, 6, 18</column>
<column name="ap_NS_fsm">50, 11, 1, 11</column>
<column name="ap_enable_reg_pp2_iter83">9, 2, 1, 2</column>
<column name="ap_enable_reg_pp3_iter1">9, 2, 1, 2</column>
<column name="ap_enable_reg_pp3_iter2">9, 2, 1, 2</column>
<column name="ap_phi_mux_i4_0_i_phi_fu_1419_p4">9, 2, 6, 12</column>
<column name="ap_phi_mux_i_0_i_i_phi_fu_1386_p4">9, 2, 6, 12</column>
<column name="ap_phi_mux_indvar_flatten1_phi_fu_1375_p4">9, 2, 11, 22</column>
<column name="ap_phi_mux_j_0_i_i_phi_fu_1397_p4">9, 2, 6, 12</column>
<column name="b_0_address0">15, 3, 6, 18</column>
<column name="b_10_address0">15, 3, 6, 18</column>
<column name="b_11_address0">15, 3, 6, 18</column>
<column name="b_12_address0">15, 3, 6, 18</column>
<column name="b_13_address0">15, 3, 6, 18</column>
<column name="b_14_address0">15, 3, 6, 18</column>
<column name="b_15_address0">15, 3, 6, 18</column>
<column name="b_1_address0">15, 3, 6, 18</column>
<column name="b_2_address0">15, 3, 6, 18</column>
<column name="b_3_address0">15, 3, 6, 18</column>
<column name="b_4_address0">15, 3, 6, 18</column>
<column name="b_5_address0">15, 3, 6, 18</column>
<column name="b_6_address0">15, 3, 6, 18</column>
<column name="b_7_address0">15, 3, 6, 18</column>
<column name="b_8_address0">15, 3, 6, 18</column>
<column name="b_9_address0">15, 3, 6, 18</column>
<column name="grp_fu_1437_p0">15, 3, 32, 96</column>
<column name="grp_fu_1437_p1">15, 3, 32, 96</column>
<column name="grp_fu_1442_p0">15, 3, 32, 96</column>
<column name="grp_fu_1442_p1">15, 3, 32, 96</column>
<column name="grp_fu_1446_p0">15, 3, 32, 96</column>
<column name="grp_fu_1446_p1">15, 3, 32, 96</column>
<column name="grp_fu_1450_p0">15, 3, 32, 96</column>
<column name="grp_fu_1450_p1">15, 3, 32, 96</column>
<column name="grp_fu_1454_p0">15, 3, 32, 96</column>
<column name="grp_fu_1454_p1">15, 3, 32, 96</column>
<column name="grp_fu_1458_p0">15, 3, 32, 96</column>
<column name="grp_fu_1458_p1">15, 3, 32, 96</column>
<column name="grp_fu_1462_p0">15, 3, 32, 96</column>
<column name="grp_fu_1462_p1">15, 3, 32, 96</column>
<column name="grp_fu_1466_p0">15, 3, 32, 96</column>
<column name="grp_fu_1466_p1">15, 3, 32, 96</column>
<column name="grp_fu_1470_p0">15, 3, 32, 96</column>
<column name="grp_fu_1470_p1">15, 3, 32, 96</column>
<column name="grp_fu_1474_p0">15, 3, 32, 96</column>
<column name="grp_fu_1474_p1">15, 3, 32, 96</column>
<column name="grp_fu_1478_p0">15, 3, 32, 96</column>
<column name="grp_fu_1478_p1">15, 3, 32, 96</column>
<column name="grp_fu_1482_p0">15, 3, 32, 96</column>
<column name="grp_fu_1482_p1">15, 3, 32, 96</column>
<column name="grp_fu_1486_p0">15, 3, 32, 96</column>
<column name="grp_fu_1486_p1">15, 3, 32, 96</column>
<column name="grp_fu_1490_p0">15, 3, 32, 96</column>
<column name="grp_fu_1490_p1">15, 3, 32, 96</column>
<column name="grp_fu_1494_p0">15, 3, 32, 96</column>
<column name="grp_fu_1494_p1">15, 3, 32, 96</column>
<column name="grp_fu_1498_p0">15, 3, 32, 96</column>
<column name="grp_fu_1498_p1">15, 3, 32, 96</column>
<column name="grp_fu_1502_p0">15, 3, 32, 96</column>
<column name="grp_fu_1502_p1">15, 3, 32, 96</column>
<column name="grp_fu_1506_p0">15, 3, 32, 96</column>
<column name="grp_fu_1506_p1">15, 3, 32, 96</column>
<column name="grp_fu_1510_p0">15, 3, 32, 96</column>
<column name="grp_fu_1510_p1">15, 3, 32, 96</column>
<column name="grp_fu_1514_p0">15, 3, 32, 96</column>
<column name="grp_fu_1514_p1">15, 3, 32, 96</column>
<column name="grp_fu_1518_p0">15, 3, 32, 96</column>
<column name="grp_fu_1518_p1">15, 3, 32, 96</column>
<column name="grp_fu_1522_p0">15, 3, 32, 96</column>
<column name="grp_fu_1522_p1">15, 3, 32, 96</column>
<column name="grp_fu_1526_p0">15, 3, 32, 96</column>
<column name="grp_fu_1526_p1">15, 3, 32, 96</column>
<column name="grp_fu_1530_p0">15, 3, 32, 96</column>
<column name="grp_fu_1530_p1">15, 3, 32, 96</column>
<column name="grp_fu_1534_p0">15, 3, 32, 96</column>
<column name="grp_fu_1534_p1">15, 3, 32, 96</column>
<column name="grp_fu_1538_p0">15, 3, 32, 96</column>
<column name="grp_fu_1538_p1">15, 3, 32, 96</column>
<column name="grp_fu_1542_p0">15, 3, 32, 96</column>
<column name="grp_fu_1542_p1">15, 3, 32, 96</column>
<column name="grp_fu_1546_p0">15, 3, 32, 96</column>
<column name="grp_fu_1546_p1">15, 3, 32, 96</column>
<column name="grp_fu_1550_p0">15, 3, 32, 96</column>
<column name="grp_fu_1550_p1">15, 3, 32, 96</column>
<column name="grp_fu_1554_p0">15, 3, 32, 96</column>
<column name="grp_fu_1554_p1">15, 3, 32, 96</column>
<column name="grp_fu_1558_p0">15, 3, 32, 96</column>
<column name="grp_fu_1558_p1">15, 3, 32, 96</column>
<column name="grp_fu_1562_p0">15, 3, 32, 96</column>
<column name="grp_fu_1562_p1">15, 3, 32, 96</column>
<column name="i1_0_i_reg_1349">9, 2, 6, 12</column>
<column name="i4_0_i_reg_1415">9, 2, 6, 12</column>
<column name="i_0_i_i_reg_1382">9, 2, 6, 12</column>
<column name="i_0_i_reg_1316">9, 2, 6, 12</column>
<column name="indvar_flatten1_reg_1371">9, 2, 11, 22</column>
<column name="indvar_flatten2_reg_1404">9, 2, 11, 22</column>
<column name="indvar_flatten6_reg_1338">9, 2, 11, 22</column>
<column name="indvar_flatten_reg_1305">9, 2, 11, 22</column>
<column name="j2_0_i_reg_1360">9, 2, 6, 12</column>
<column name="j5_0_i_reg_1426">9, 2, 6, 12</column>
<column name="j_0_i_i_reg_1393">9, 2, 6, 12</column>
<column name="j_0_i_reg_1327">9, 2, 6, 12</column>
<column name="out_address0">15, 3, 10, 30</column>
</table>
</item>
<item name = "Register"><table name="" hasTotal="1">
<keys size="5">Name, FF, LUT, Bits, Const Bits</keys>
<column name="INPUT_STREAM_data_V_0_payload_A">32, 0, 32, 0</column>
<column name="INPUT_STREAM_data_V_0_payload_B">32, 0, 32, 0</column>
<column name="INPUT_STREAM_data_V_0_sel_rd">1, 0, 1, 0</column>
<column name="INPUT_STREAM_data_V_0_sel_wr">1, 0, 1, 0</column>
<column name="INPUT_STREAM_data_V_0_state">2, 0, 2, 0</column>
<column name="INPUT_STREAM_dest_V_0_state">2, 0, 2, 0</column>
<column name="OUTPUT_STREAM_data_V_1_payload_A">32, 0, 32, 0</column>
<column name="OUTPUT_STREAM_data_V_1_payload_B">32, 0, 32, 0</column>
<column name="OUTPUT_STREAM_data_V_1_sel_rd">1, 0, 1, 0</column>
<column name="OUTPUT_STREAM_data_V_1_sel_wr">1, 0, 1, 0</column>
<column name="OUTPUT_STREAM_data_V_1_state">2, 0, 2, 0</column>
<column name="OUTPUT_STREAM_dest_V_1_sel_rd">1, 0, 1, 0</column>
<column name="OUTPUT_STREAM_dest_V_1_state">2, 0, 2, 0</column>
<column name="OUTPUT_STREAM_id_V_1_sel_rd">1, 0, 1, 0</column>
<column name="OUTPUT_STREAM_id_V_1_state">2, 0, 2, 0</column>
<column name="OUTPUT_STREAM_keep_V_1_sel_rd">1, 0, 1, 0</column>
<column name="OUTPUT_STREAM_keep_V_1_state">2, 0, 2, 0</column>
<column name="OUTPUT_STREAM_last_V_1_payload_A">1, 0, 1, 0</column>
<column name="OUTPUT_STREAM_last_V_1_payload_B">1, 0, 1, 0</column>
<column name="OUTPUT_STREAM_last_V_1_sel_rd">1, 0, 1, 0</column>
<column name="OUTPUT_STREAM_last_V_1_sel_wr">1, 0, 1, 0</column>
<column name="OUTPUT_STREAM_last_V_1_state">2, 0, 2, 0</column>
<column name="OUTPUT_STREAM_strb_V_1_sel_rd">1, 0, 1, 0</column>
<column name="OUTPUT_STREAM_strb_V_1_state">2, 0, 2, 0</column>
<column name="OUTPUT_STREAM_user_V_1_sel_rd">1, 0, 1, 0</column>
<column name="OUTPUT_STREAM_user_V_1_state">2, 0, 2, 0</column>
<column name="a_0_load_1_reg_2504">32, 0, 32, 0</column>
<column name="a_0_load_reg_2499">32, 0, 32, 0</column>
<column name="a_10_load_1_reg_2604">32, 0, 32, 0</column>
<column name="a_10_load_reg_2599">32, 0, 32, 0</column>
<column name="a_11_load_1_reg_2614">32, 0, 32, 0</column>
<column name="a_11_load_reg_2609">32, 0, 32, 0</column>
<column name="a_12_load_1_reg_2624">32, 0, 32, 0</column>
<column name="a_12_load_reg_2619">32, 0, 32, 0</column>
<column name="a_13_load_1_reg_2634">32, 0, 32, 0</column>
<column name="a_13_load_reg_2629">32, 0, 32, 0</column>
<column name="a_14_load_1_reg_2644">32, 0, 32, 0</column>
<column name="a_14_load_reg_2639">32, 0, 32, 0</column>
<column name="a_15_load_1_reg_2654">32, 0, 32, 0</column>
<column name="a_15_load_reg_2649">32, 0, 32, 0</column>
<column name="a_1_load_1_reg_2514">32, 0, 32, 0</column>
<column name="a_1_load_reg_2509">32, 0, 32, 0</column>
<column name="a_2_load_1_reg_2524">32, 0, 32, 0</column>
<column name="a_2_load_reg_2519">32, 0, 32, 0</column>
<column name="a_3_load_1_reg_2534">32, 0, 32, 0</column>
<column name="a_3_load_reg_2529">32, 0, 32, 0</column>
<column name="a_4_load_1_reg_2544">32, 0, 32, 0</column>
<column name="a_4_load_reg_2539">32, 0, 32, 0</column>
<column name="a_5_load_1_reg_2554">32, 0, 32, 0</column>
<column name="a_5_load_reg_2549">32, 0, 32, 0</column>
<column name="a_6_load_1_reg_2564">32, 0, 32, 0</column>
<column name="a_6_load_reg_2559">32, 0, 32, 0</column>
<column name="a_7_load_1_reg_2574">32, 0, 32, 0</column>
<column name="a_7_load_reg_2569">32, 0, 32, 0</column>
<column name="a_8_load_1_reg_2584">32, 0, 32, 0</column>
<column name="a_8_load_reg_2579">32, 0, 32, 0</column>
<column name="a_9_load_1_reg_2594">32, 0, 32, 0</column>
<column name="a_9_load_reg_2589">32, 0, 32, 0</column>
<column name="ap_CS_fsm">10, 0, 10, 0</column>
<column name="ap_enable_reg_pp2_iter0">1, 0, 1, 0</column>
<column name="ap_enable_reg_pp2_iter1">1, 0, 1, 0</column>
<column name="ap_enable_reg_pp2_iter10">1, 0, 1, 0</column>
<column name="ap_enable_reg_pp2_iter11">1, 0, 1, 0</column>
<column name="ap_enable_reg_pp2_iter12">1, 0, 1, 0</column>
<column name="ap_enable_reg_pp2_iter13">1, 0, 1, 0</column>
<column name="ap_enable_reg_pp2_iter14">1, 0, 1, 0</column>
<column name="ap_enable_reg_pp2_iter15">1, 0, 1, 0</column>
<column name="ap_enable_reg_pp2_iter16">1, 0, 1, 0</column>
<column name="ap_enable_reg_pp2_iter17">1, 0, 1, 0</column>
<column name="ap_enable_reg_pp2_iter18">1, 0, 1, 0</column>
<column name="ap_enable_reg_pp2_iter19">1, 0, 1, 0</column>
<column name="ap_enable_reg_pp2_iter2">1, 0, 1, 0</column>
<column name="ap_enable_reg_pp2_iter20">1, 0, 1, 0</column>
<column name="ap_enable_reg_pp2_iter21">1, 0, 1, 0</column>
<column name="ap_enable_reg_pp2_iter22">1, 0, 1, 0</column>
<column name="ap_enable_reg_pp2_iter23">1, 0, 1, 0</column>
<column name="ap_enable_reg_pp2_iter24">1, 0, 1, 0</column>
<column name="ap_enable_reg_pp2_iter25">1, 0, 1, 0</column>
<column name="ap_enable_reg_pp2_iter26">1, 0, 1, 0</column>
<column name="ap_enable_reg_pp2_iter27">1, 0, 1, 0</column>
<column name="ap_enable_reg_pp2_iter28">1, 0, 1, 0</column>
<column name="ap_enable_reg_pp2_iter29">1, 0, 1, 0</column>
<column name="ap_enable_reg_pp2_iter3">1, 0, 1, 0</column>
<column name="ap_enable_reg_pp2_iter30">1, 0, 1, 0</column>
<column name="ap_enable_reg_pp2_iter31">1, 0, 1, 0</column>
<column name="ap_enable_reg_pp2_iter32">1, 0, 1, 0</column>
<column name="ap_enable_reg_pp2_iter33">1, 0, 1, 0</column>
<column name="ap_enable_reg_pp2_iter34">1, 0, 1, 0</column>
<column name="ap_enable_reg_pp2_iter35">1, 0, 1, 0</column>
<column name="ap_enable_reg_pp2_iter36">1, 0, 1, 0</column>
<column name="ap_enable_reg_pp2_iter37">1, 0, 1, 0</column>
<column name="ap_enable_reg_pp2_iter38">1, 0, 1, 0</column>
<column name="ap_enable_reg_pp2_iter39">1, 0, 1, 0</column>
<column name="ap_enable_reg_pp2_iter4">1, 0, 1, 0</column>
<column name="ap_enable_reg_pp2_iter40">1, 0, 1, 0</column>
<column name="ap_enable_reg_pp2_iter41">1, 0, 1, 0</column>
<column name="ap_enable_reg_pp2_iter42">1, 0, 1, 0</column>
<column name="ap_enable_reg_pp2_iter43">1, 0, 1, 0</column>
<column name="ap_enable_reg_pp2_iter44">1, 0, 1, 0</column>
<column name="ap_enable_reg_pp2_iter45">1, 0, 1, 0</column>
<column name="ap_enable_reg_pp2_iter46">1, 0, 1, 0</column>
<column name="ap_enable_reg_pp2_iter47">1, 0, 1, 0</column>
<column name="ap_enable_reg_pp2_iter48">1, 0, 1, 0</column>
<column name="ap_enable_reg_pp2_iter49">1, 0, 1, 0</column>
<column name="ap_enable_reg_pp2_iter5">1, 0, 1, 0</column>
<column name="ap_enable_reg_pp2_iter50">1, 0, 1, 0</column>
<column name="ap_enable_reg_pp2_iter51">1, 0, 1, 0</column>
<column name="ap_enable_reg_pp2_iter52">1, 0, 1, 0</column>
<column name="ap_enable_reg_pp2_iter53">1, 0, 1, 0</column>
<column name="ap_enable_reg_pp2_iter54">1, 0, 1, 0</column>
<column name="ap_enable_reg_pp2_iter55">1, 0, 1, 0</column>
<column name="ap_enable_reg_pp2_iter56">1, 0, 1, 0</column>
<column name="ap_enable_reg_pp2_iter57">1, 0, 1, 0</column>
<column name="ap_enable_reg_pp2_iter58">1, 0, 1, 0</column>
<column name="ap_enable_reg_pp2_iter59">1, 0, 1, 0</column>
<column name="ap_enable_reg_pp2_iter6">1, 0, 1, 0</column>
<column name="ap_enable_reg_pp2_iter60">1, 0, 1, 0</column>
<column name="ap_enable_reg_pp2_iter61">1, 0, 1, 0</column>
<column name="ap_enable_reg_pp2_iter62">1, 0, 1, 0</column>
<column name="ap_enable_reg_pp2_iter63">1, 0, 1, 0</column>
<column name="ap_enable_reg_pp2_iter64">1, 0, 1, 0</column>
<column name="ap_enable_reg_pp2_iter65">1, 0, 1, 0</column>
<column name="ap_enable_reg_pp2_iter66">1, 0, 1, 0</column>
<column name="ap_enable_reg_pp2_iter67">1, 0, 1, 0</column>
<column name="ap_enable_reg_pp2_iter68">1, 0, 1, 0</column>
<column name="ap_enable_reg_pp2_iter69">1, 0, 1, 0</column>
<column name="ap_enable_reg_pp2_iter7">1, 0, 1, 0</column>
<column name="ap_enable_reg_pp2_iter70">1, 0, 1, 0</column>
<column name="ap_enable_reg_pp2_iter71">1, 0, 1, 0</column>
<column name="ap_enable_reg_pp2_iter72">1, 0, 1, 0</column>
<column name="ap_enable_reg_pp2_iter73">1, 0, 1, 0</column>
<column name="ap_enable_reg_pp2_iter74">1, 0, 1, 0</column>
<column name="ap_enable_reg_pp2_iter75">1, 0, 1, 0</column>
<column name="ap_enable_reg_pp2_iter76">1, 0, 1, 0</column>
<column name="ap_enable_reg_pp2_iter77">1, 0, 1, 0</column>
<column name="ap_enable_reg_pp2_iter78">1, 0, 1, 0</column>
<column name="ap_enable_reg_pp2_iter79">1, 0, 1, 0</column>
<column name="ap_enable_reg_pp2_iter8">1, 0, 1, 0</column>
<column name="ap_enable_reg_pp2_iter80">1, 0, 1, 0</column>
<column name="ap_enable_reg_pp2_iter81">1, 0, 1, 0</column>
<column name="ap_enable_reg_pp2_iter82">1, 0, 1, 0</column>
<column name="ap_enable_reg_pp2_iter83">1, 0, 1, 0</column>
<column name="ap_enable_reg_pp2_iter9">1, 0, 1, 0</column>
<column name="ap_enable_reg_pp3_iter0">1, 0, 1, 0</column>
<column name="ap_enable_reg_pp3_iter1">1, 0, 1, 0</column>
<column name="ap_enable_reg_pp3_iter2">1, 0, 1, 0</column>
<column name="b_0_load_1_reg_2664">32, 0, 32, 0</column>
<column name="b_0_load_reg_2659">32, 0, 32, 0</column>
<column name="b_10_load_1_reg_2764">32, 0, 32, 0</column>
<column name="b_10_load_reg_2759">32, 0, 32, 0</column>
<column name="b_11_load_1_reg_2774">32, 0, 32, 0</column>
<column name="b_11_load_reg_2769">32, 0, 32, 0</column>
<column name="b_12_load_1_reg_2784">32, 0, 32, 0</column>
<column name="b_12_load_reg_2779">32, 0, 32, 0</column>
<column name="b_13_load_1_reg_2794">32, 0, 32, 0</column>
<column name="b_13_load_reg_2789">32, 0, 32, 0</column>
<column name="b_14_load_1_reg_2804">32, 0, 32, 0</column>
<column name="b_14_load_reg_2799">32, 0, 32, 0</column>
<column name="b_15_load_1_reg_2814">32, 0, 32, 0</column>
<column name="b_15_load_reg_2809">32, 0, 32, 0</column>
<column name="b_1_load_1_reg_2674">32, 0, 32, 0</column>
<column name="b_1_load_reg_2669">32, 0, 32, 0</column>
<column name="b_2_load_1_reg_2684">32, 0, 32, 0</column>
<column name="b_2_load_reg_2679">32, 0, 32, 0</column>
<column name="b_3_load_1_reg_2694">32, 0, 32, 0</column>
<column name="b_3_load_reg_2689">32, 0, 32, 0</column>
<column name="b_4_load_1_reg_2704">32, 0, 32, 0</column>
<column name="b_4_load_reg_2699">32, 0, 32, 0</column>
<column name="b_5_load_1_reg_2714">32, 0, 32, 0</column>
<column name="b_5_load_reg_2709">32, 0, 32, 0</column>
<column name="b_6_load_1_reg_2724">32, 0, 32, 0</column>
<column name="b_6_load_reg_2719">32, 0, 32, 0</column>
<column name="b_7_load_1_reg_2734">32, 0, 32, 0</column>
<column name="b_7_load_reg_2729">32, 0, 32, 0</column>
<column name="b_8_load_1_reg_2744">32, 0, 32, 0</column>
<column name="b_8_load_reg_2739">32, 0, 32, 0</column>
<column name="b_9_load_1_reg_2754">32, 0, 32, 0</column>
<column name="b_9_load_reg_2749">32, 0, 32, 0</column>
<column name="dp_sum_10_reg_3039">32, 0, 32, 0</column>
<column name="dp_sum_11_reg_3044">32, 0, 32, 0</column>
<column name="dp_sum_12_reg_3049">32, 0, 32, 0</column>
<column name="dp_sum_13_reg_3054">32, 0, 32, 0</column>
<column name="dp_sum_14_reg_3059">32, 0, 32, 0</column>
<column name="dp_sum_15_reg_3064">32, 0, 32, 0</column>
<column name="dp_sum_16_reg_3069">32, 0, 32, 0</column>
<column name="dp_sum_17_reg_3074">32, 0, 32, 0</column>
<column name="dp_sum_18_reg_3079">32, 0, 32, 0</column>
<column name="dp_sum_19_reg_3084">32, 0, 32, 0</column>
<column name="dp_sum_1_reg_2989">32, 0, 32, 0</column>
<column name="dp_sum_20_reg_3089">32, 0, 32, 0</column>
<column name="dp_sum_21_reg_3094">32, 0, 32, 0</column>
<column name="dp_sum_22_reg_3099">32, 0, 32, 0</column>
<column name="dp_sum_23_reg_3104">32, 0, 32, 0</column>
<column name="dp_sum_24_reg_3109">32, 0, 32, 0</column>
<column name="dp_sum_25_reg_3114">32, 0, 32, 0</column>
<column name="dp_sum_26_reg_3119">32, 0, 32, 0</column>
<column name="dp_sum_27_reg_3124">32, 0, 32, 0</column>
<column name="dp_sum_28_reg_3129">32, 0, 32, 0</column>
<column name="dp_sum_29_reg_3134">32, 0, 32, 0</column>
<column name="dp_sum_2_reg_2994">32, 0, 32, 0</column>
<column name="dp_sum_30_reg_3139">32, 0, 32, 0</column>
<column name="dp_sum_3_reg_2999">32, 0, 32, 0</column>
<column name="dp_sum_4_reg_3004">32, 0, 32, 0</column>
<column name="dp_sum_5_reg_3009">32, 0, 32, 0</column>
<column name="dp_sum_6_reg_3014">32, 0, 32, 0</column>
<column name="dp_sum_7_reg_3019">32, 0, 32, 0</column>
<column name="dp_sum_8_reg_3024">32, 0, 32, 0</column>
<column name="dp_sum_9_reg_3029">32, 0, 32, 0</column>
<column name="dp_sum_reg_2984">32, 0, 32, 0</column>
<column name="dp_sum_s_reg_3034">32, 0, 32, 0</column>
<column name="exitcond_flatten1_reg_2158">1, 0, 1, 0</column>
<column name="exitcond_flatten2_reg_3144">1, 0, 1, 0</column>
<column name="exitcond_flatten2_reg_3144_pp3_iter1_reg">1, 0, 1, 0</column>
<column name="i1_0_i_reg_1349">6, 0, 6, 0</column>
<column name="i4_0_i_reg_1415">6, 0, 6, 0</column>
<column name="i_0_i_i_reg_1382">6, 0, 6, 0</column>
<column name="i_0_i_reg_1316">6, 0, 6, 0</column>
<column name="indvar_flatten1_reg_1371">11, 0, 11, 0</column>
<column name="indvar_flatten2_reg_1404">11, 0, 11, 0</column>
<column name="indvar_flatten6_reg_1338">11, 0, 11, 0</column>
<column name="indvar_flatten_next1_reg_2162">11, 0, 11, 0</column>
<column name="indvar_flatten_reg_1305">11, 0, 11, 0</column>
<column name="j2_0_i_reg_1360">6, 0, 6, 0</column>
<column name="j5_0_i_reg_1426">6, 0, 6, 0</column>
<column name="j_0_i_i_mid2_reg_2167">6, 0, 6, 0</column>
<column name="j_0_i_i_reg_1393">6, 0, 6, 0</column>
<column name="j_0_i_reg_1327">6, 0, 6, 0</column>
<column name="j_3_reg_2819">6, 0, 6, 0</column>
<column name="last_assign_reg_3163">1, 0, 1, 0</column>
<column name="p_v_reg_2173">6, 0, 6, 0</column>
<column name="tmp_15_10_reg_2879">32, 0, 32, 0</column>
<column name="tmp_15_11_reg_2884">32, 0, 32, 0</column>
<column name="tmp_15_12_reg_2889">32, 0, 32, 0</column>
<column name="tmp_15_13_reg_2894">32, 0, 32, 0</column>
<column name="tmp_15_14_reg_2899">32, 0, 32, 0</column>
<column name="tmp_15_15_reg_2904">32, 0, 32, 0</column>
<column name="tmp_15_16_reg_2909">32, 0, 32, 0</column>
<column name="tmp_15_17_reg_2914">32, 0, 32, 0</column>
<column name="tmp_15_18_reg_2919">32, 0, 32, 0</column>
<column name="tmp_15_19_reg_2924">32, 0, 32, 0</column>
<column name="tmp_15_1_reg_2829">32, 0, 32, 0</column>
<column name="tmp_15_20_reg_2929">32, 0, 32, 0</column>
<column name="tmp_15_21_reg_2934">32, 0, 32, 0</column>
<column name="tmp_15_22_reg_2939">32, 0, 32, 0</column>
<column name="tmp_15_23_reg_2944">32, 0, 32, 0</column>
<column name="tmp_15_24_reg_2949">32, 0, 32, 0</column>
<column name="tmp_15_25_reg_2954">32, 0, 32, 0</column>
<column name="tmp_15_26_reg_2959">32, 0, 32, 0</column>
<column name="tmp_15_27_reg_2964">32, 0, 32, 0</column>
<column name="tmp_15_28_reg_2969">32, 0, 32, 0</column>
<column name="tmp_15_29_reg_2974">32, 0, 32, 0</column>
<column name="tmp_15_2_reg_2834">32, 0, 32, 0</column>
<column name="tmp_15_30_reg_2979">32, 0, 32, 0</column>
<column name="tmp_15_3_reg_2839">32, 0, 32, 0</column>
<column name="tmp_15_4_reg_2844">32, 0, 32, 0</column>
<column name="tmp_15_5_reg_2849">32, 0, 32, 0</column>
<column name="tmp_15_6_reg_2854">32, 0, 32, 0</column>
<column name="tmp_15_7_reg_2859">32, 0, 32, 0</column>
<column name="tmp_15_8_reg_2864">32, 0, 32, 0</column>
<column name="tmp_15_9_reg_2869">32, 0, 32, 0</column>
<column name="tmp_15_s_reg_2874">32, 0, 32, 0</column>
<column name="tmp_5_reg_2824">32, 0, 32, 0</column>
<column name="tmp_8_mid2_v_v_reg_3153">6, 0, 6, 0</column>
<column name="exitcond_flatten1_reg_2158">64, 110, 1, 0</column>
<column name="j_0_i_i_mid2_reg_2167">64, 110, 6, 0</column>
<column name="p_v_reg_2173">64, 110, 6, 0</column>
<column name="tmp_15_10_reg_2879">64, 32, 32, 0</column>
<column name="tmp_15_11_reg_2884">64, 32, 32, 0</column>
<column name="tmp_15_12_reg_2889">64, 48, 32, 0</column>
<column name="tmp_15_13_reg_2894">64, 64, 32, 0</column>
<column name="tmp_15_14_reg_2899">64, 64, 32, 0</column>
<column name="tmp_15_15_reg_2904">64, 64, 32, 0</column>
<column name="tmp_15_16_reg_2909">64, 64, 32, 0</column>
<column name="tmp_15_17_reg_2914">64, 64, 32, 0</column>
<column name="tmp_15_18_reg_2919">64, 64, 32, 0</column>
<column name="tmp_15_19_reg_2924">64, 64, 32, 0</column>
<column name="tmp_15_1_reg_2829">64, 32, 32, 0</column>
<column name="tmp_15_20_reg_2929">64, 64, 32, 0</column>
<column name="tmp_15_21_reg_2934">64, 64, 32, 0</column>
<column name="tmp_15_22_reg_2939">64, 64, 32, 0</column>
<column name="tmp_15_23_reg_2944">64, 64, 32, 0</column>
<column name="tmp_15_24_reg_2949">64, 64, 32, 0</column>
<column name="tmp_15_25_reg_2954">64, 76, 32, 0</column>
<column name="tmp_15_26_reg_2959">64, 91, 32, 0</column>
<column name="tmp_15_27_reg_2964">64, 96, 32, 0</column>
<column name="tmp_15_28_reg_2969">64, 96, 32, 0</column>
<column name="tmp_15_29_reg_2974">64, 96, 32, 0</column>
<column name="tmp_15_2_reg_2834">64, 32, 32, 0</column>
<column name="tmp_15_30_reg_2979">64, 96, 32, 0</column>
<column name="tmp_15_3_reg_2839">64, 32, 32, 0</column>
<column name="tmp_15_4_reg_2844">64, 32, 32, 0</column>
<column name="tmp_15_5_reg_2849">64, 32, 32, 0</column>
<column name="tmp_15_6_reg_2854">64, 32, 32, 0</column>
<column name="tmp_15_7_reg_2859">64, 32, 32, 0</column>
<column name="tmp_15_8_reg_2864">64, 32, 32, 0</column>
<column name="tmp_15_9_reg_2869">64, 32, 32, 0</column>
<column name="tmp_15_s_reg_2874">64, 32, 32, 0</column>
</table>
</item>
</section>
</item>
</section>

<section name = "Interface" level="0">
<item name = "Summary"><table name="" hasTotal="0">
<keys size="6">RTL Ports, Dir, Bits, Protocol, Source Object, C Type</keys>
<column name="s_axi_CONTROL_BUS_AWVALID">in, 1, s_axi, CONTROL_BUS, return void</column>
<column name="s_axi_CONTROL_BUS_AWREADY">out, 1, s_axi, CONTROL_BUS, return void</column>
<column name="s_axi_CONTROL_BUS_AWADDR">in, 4, s_axi, CONTROL_BUS, return void</column>
<column name="s_axi_CONTROL_BUS_WVALID">in, 1, s_axi, CONTROL_BUS, return void</column>
<column name="s_axi_CONTROL_BUS_WREADY">out, 1, s_axi, CONTROL_BUS, return void</column>
<column name="s_axi_CONTROL_BUS_WDATA">in, 32, s_axi, CONTROL_BUS, return void</column>
<column name="s_axi_CONTROL_BUS_WSTRB">in, 4, s_axi, CONTROL_BUS, return void</column>
<column name="s_axi_CONTROL_BUS_ARVALID">in, 1, s_axi, CONTROL_BUS, return void</column>
<column name="s_axi_CONTROL_BUS_ARREADY">out, 1, s_axi, CONTROL_BUS, return void</column>
<column name="s_axi_CONTROL_BUS_ARADDR">in, 4, s_axi, CONTROL_BUS, return void</column>
<column name="s_axi_CONTROL_BUS_RVALID">out, 1, s_axi, CONTROL_BUS, return void</column>
<column name="s_axi_CONTROL_BUS_RREADY">in, 1, s_axi, CONTROL_BUS, return void</column>
<column name="s_axi_CONTROL_BUS_RDATA">out, 32, s_axi, CONTROL_BUS, return void</column>
<column name="s_axi_CONTROL_BUS_RRESP">out, 2, s_axi, CONTROL_BUS, return void</column>
<column name="s_axi_CONTROL_BUS_BVALID">out, 1, s_axi, CONTROL_BUS, return void</column>
<column name="s_axi_CONTROL_BUS_BREADY">in, 1, s_axi, CONTROL_BUS, return void</column>
<column name="s_axi_CONTROL_BUS_BRESP">out, 2, s_axi, CONTROL_BUS, return void</column>
<column name="ap_clk">in, 1, ap_ctrl_hs, HLS_accel, return value</column>
<column name="ap_rst_n">in, 1, ap_ctrl_hs, HLS_accel, return value</column>
<column name="interrupt">out, 1, ap_ctrl_hs, HLS_accel, return value</column>
<column name="INPUT_STREAM_TDATA">in, 32, axis, INPUT_STREAM_data_V, pointer</column>
<column name="INPUT_STREAM_TVALID">in, 1, axis, INPUT_STREAM_dest_V, pointer</column>
<column name="INPUT_STREAM_TREADY">out, 1, axis, INPUT_STREAM_dest_V, pointer</column>
<column name="INPUT_STREAM_TDEST">in, 5, axis, INPUT_STREAM_dest_V, pointer</column>
<column name="INPUT_STREAM_TKEEP">in, 4, axis, INPUT_STREAM_keep_V, pointer</column>
<column name="INPUT_STREAM_TSTRB">in, 4, axis, INPUT_STREAM_strb_V, pointer</column>
<column name="INPUT_STREAM_TUSER">in, 4, axis, INPUT_STREAM_user_V, pointer</column>
<column name="INPUT_STREAM_TLAST">in, 1, axis, INPUT_STREAM_last_V, pointer</column>
<column name="INPUT_STREAM_TID">in, 5, axis, INPUT_STREAM_id_V, pointer</column>
<column name="OUTPUT_STREAM_TDATA">out, 32, axis, OUTPUT_STREAM_data_V, pointer</column>
<column name="OUTPUT_STREAM_TREADY">in, 1, axis, OUTPUT_STREAM_data_V, pointer</column>
<column name="OUTPUT_STREAM_TVALID">out, 1, axis, OUTPUT_STREAM_dest_V, pointer</column>
<column name="OUTPUT_STREAM_TDEST">out, 5, axis, OUTPUT_STREAM_dest_V, pointer</column>
<column name="OUTPUT_STREAM_TKEEP">out, 4, axis, OUTPUT_STREAM_keep_V, pointer</column>
<column name="OUTPUT_STREAM_TSTRB">out, 4, axis, OUTPUT_STREAM_strb_V, pointer</column>
<column name="OUTPUT_STREAM_TUSER">out, 4, axis, OUTPUT_STREAM_user_V, pointer</column>
<column name="OUTPUT_STREAM_TLAST">out, 1, axis, OUTPUT_STREAM_last_V, pointer</column>
<column name="OUTPUT_STREAM_TID">out, 5, axis, OUTPUT_STREAM_id_V, pointer</column>
</table>
</item>
</section>

<section name = "Critical Path" level="0">
<item name = "Max Delay">8.09</item>
<item name = "Critical Path Table"><table name="Critical Path Table" hasTotal="0">
<keys size="15">Name, Operator, Delay, Accumulated Delay, Store Source, Resource, Core, Interface, Type, Port, Array, Scope, Pointer, Callee, Phi Node</keys>
<column name="'i1_0_i', vhls/mmult.h:181->vhls/mmult_accel.cpp:36">phi, 0.00, 0.00, -, -, -, -, -, -, -, -, -, -, &apos;arrayNo1_cast_mid2_v&apos;, vhls/mmult.h:181-&gt;vhls/mmult_accel.cpp:36</column>
<column name="'i', vhls/mmult.h:176->vhls/mmult_accel.cpp:36">add, 1.83, 1.83, -, -, -, -, -, -, -, -, -, -, -</column>
<column name="'arrayNo1_cast_mid2_v', vhls/mmult.h:181->vhls/mmult_accel.cpp:36">select, 1.19, 3.01, -, -, -, -, -, -, -, -, -, -, -</column>
<column name="'tmp_7', vhls/mmult.h:181->vhls/mmult_accel.cpp:36">shl, 0.00, 3.01, -, -, -, -, -, -, -, -, -, -, -</column>
<column name="'tmp_9_cast', vhls/mmult.h:178->vhls/mmult_accel.cpp:36">zext, 0.00, 3.01, -, -, -, -, -, -, -, -, -, -, -</column>
<column name="'tmp_8', vhls/mmult.h:181->vhls/mmult_accel.cpp:36">add, 1.83, 4.84, -, -, -, -, -, -, -, -, -, -, -</column>
<column name="'tmp_12_cast', vhls/mmult.h:181->vhls/mmult_accel.cpp:36">zext, 0.00, 4.84, -, -, -, -, -, -, -, -, -, -, -</column>
<column name="'b_11_addr', vhls/mmult.h:181->vhls/mmult_accel.cpp:36">getelementptr, 0.00, 4.84, -, -, -, -, -, -, -, -, -, -, -</column>
<column name="vhls/mmult.h:181->vhls/mmult_accel.cpp:36">store, 3.25, 8.09, &apos;ret&apos;, vhls/mmult.h:110-&gt;vhls/mmult.h:181-&gt;vhls/mmult_accel.cpp:36, -, -, -, -, -, &apos;b[11]&apos;, vhls/mmult.h:160-&gt;vhls/mmult_accel.cpp:36, -, -, -, -</column>
</table>
</item>
</section>
</profile>
