<annotationInfo>
<annotationInfo>
<item  id="29" filename="vhls/mmult.h" linenumber="159" name="a_0" contextFuncName="wrapped_mmult_hw&lt;float, 32, 1024, 4, 5, 5&gt;" moduleName="HLS_accel" rtlName="a_0_U" latency="0" BRAM="-1" DSP="-1" FF="-1" LUT="-1" fileDirectory="C:\Users\pacel\Documents\Spring_2023\ECE_1195\lab_5"><\/item>
<item  id="30" filename="vhls/mmult.h" linenumber="159" name="a_1" contextFuncName="wrapped_mmult_hw&lt;float, 32, 1024, 4, 5, 5&gt;" moduleName="HLS_accel" rtlName="a_1_U" latency="0" BRAM="-1" DSP="-1" FF="-1" LUT="-1" fileDirectory="C:\Users\pacel\Documents\Spring_2023\ECE_1195\lab_5"><\/item>
<item  id="31" filename="vhls/mmult.h" linenumber="159" name="a_2" contextFuncName="wrapped_mmult_hw&lt;float, 32, 1024, 4, 5, 5&gt;" moduleName="HLS_accel" rtlName="a_2_U" latency="0" BRAM="-1" DSP="-1" FF="-1" LUT="-1" fileDirectory="C:\Users\pacel\Documents\Spring_2023\ECE_1195\lab_5"><\/item>
<item  id="32" filename="vhls/mmult.h" linenumber="159" name="a_3" contextFuncName="wrapped_mmult_hw&lt;float, 32, 1024, 4, 5, 5&gt;" moduleName="HLS_accel" rtlName="a_3_U" latency="0" BRAM="-1" DSP="-1" FF="-1" LUT="-1" fileDirectory="C:\Users\pacel\Documents\Spring_2023\ECE_1195\lab_5"><\/item>
<item  id="33" filename="vhls/mmult.h" linenumber="159" name="a_4" contextFuncName="wrapped_mmult_hw&lt;float, 32, 1024, 4, 5, 5&gt;" moduleName="HLS_accel" rtlName="a_4_U" latency="0" BRAM="-1" DSP="-1" FF="-1" LUT="-1" fileDirectory="C:\Users\pacel\Documents\Spring_2023\ECE_1195\lab_5"><\/item>
<item  id="34" filename="vhls/mmult.h" linenumber="159" name="a_5" contextFuncName="wrapped_mmult_hw&lt;float, 32, 1024, 4, 5, 5&gt;" moduleName="HLS_accel" rtlName="a_5_U" latency="0" BRAM="-1" DSP="-1" FF="-1" LUT="-1" fileDirectory="C:\Users\pacel\Documents\Spring_2023\ECE_1195\lab_5"><\/item>
<item  id="35" filename="vhls/mmult.h" linenumber="159" name="a_6" contextFuncName="wrapped_mmult_hw&lt;float, 32, 1024, 4, 5, 5&gt;" moduleName="HLS_accel" rtlName="a_6_U" latency="0" BRAM="-1" DSP="-1" FF="-1" LUT="-1" fileDirectory="C:\Users\pacel\Documents\Spring_2023\ECE_1195\lab_5"><\/item>
<item  id="36" filename="vhls/mmult.h" linenumber="159" name="a_7" contextFuncName="wrapped_mmult_hw&lt;float, 32, 1024, 4, 5, 5&gt;" moduleName="HLS_accel" rtlName="a_7_U" latency="0" BRAM="-1" DSP="-1" FF="-1" LUT="-1" fileDirectory="C:\Users\pacel\Documents\Spring_2023\ECE_1195\lab_5"><\/item>
<item  id="37" filename="vhls/mmult.h" linenumber="159" name="a_8" contextFuncName="wrapped_mmult_hw&lt;float, 32, 1024, 4, 5, 5&gt;" moduleName="HLS_accel" rtlName="a_8_U" latency="0" BRAM="-1" DSP="-1" FF="-1" LUT="-1" fileDirectory="C:\Users\pacel\Documents\Spring_2023\ECE_1195\lab_5"><\/item>
<item  id="38" filename="vhls/mmult.h" linenumber="159" name="a_9" contextFuncName="wrapped_mmult_hw&lt;float, 32, 1024, 4, 5, 5&gt;" moduleName="HLS_accel" rtlName="a_9_U" latency="0" BRAM="-1" DSP="-1" FF="-1" LUT="-1" fileDirectory="C:\Users\pacel\Documents\Spring_2023\ECE_1195\lab_5"><\/item>
<item  id="39" filename="vhls/mmult.h" linenumber="159" name="a_10" contextFuncName="wrapped_mmult_hw&lt;float, 32, 1024, 4, 5, 5&gt;" moduleName="HLS_accel" rtlName="a_10_U" latency="0" BRAM="-1" DSP="-1" FF="-1" LUT="-1" fileDirectory="C:\Users\pacel\Documents\Spring_2023\ECE_1195\lab_5"><\/item>
<item  id="40" filename="vhls/mmult.h" linenumber="159" name="a_11" contextFuncName="wrapped_mmult_hw&lt;float, 32, 1024, 4, 5, 5&gt;" moduleName="HLS_accel" rtlName="a_11_U" latency="0" BRAM="-1" DSP="-1" FF="-1" LUT="-1" fileDirectory="C:\Users\pacel\Documents\Spring_2023\ECE_1195\lab_5"><\/item>
<item  id="41" filename="vhls/mmult.h" linenumber="159" name="a_12" contextFuncName="wrapped_mmult_hw&lt;float, 32, 1024, 4, 5, 5&gt;" moduleName="HLS_accel" rtlName="a_12_U" latency="0" BRAM="-1" DSP="-1" FF="-1" LUT="-1" fileDirectory="C:\Users\pacel\Documents\Spring_2023\ECE_1195\lab_5"><\/item>
<item  id="42" filename="vhls/mmult.h" linenumber="159" name="a_13" contextFuncName="wrapped_mmult_hw&lt;float, 32, 1024, 4, 5, 5&gt;" moduleName="HLS_accel" rtlName="a_13_U" latency="0" BRAM="-1" DSP="-1" FF="-1" LUT="-1" fileDirectory="C:\Users\pacel\Documents\Spring_2023\ECE_1195\lab_5"><\/item>
<item  id="43" filename="vhls/mmult.h" linenumber="159" name="a_14" contextFuncName="wrapped_mmult_hw&lt;float, 32, 1024, 4, 5, 5&gt;" moduleName="HLS_accel" rtlName="a_14_U" latency="0" BRAM="-1" DSP="-1" FF="-1" LUT="-1" fileDirectory="C:\Users\pacel\Documents\Spring_2023\ECE_1195\lab_5"><\/item>
<item  id="44" filename="vhls/mmult.h" linenumber="159" name="a_15" contextFuncName="wrapped_mmult_hw&lt;float, 32, 1024, 4, 5, 5&gt;" moduleName="HLS_accel" rtlName="a_15_U" latency="0" BRAM="-1" DSP="-1" FF="-1" LUT="-1" fileDirectory="C:\Users\pacel\Documents\Spring_2023\ECE_1195\lab_5"><\/item>
<item  id="45" filename="vhls/mmult.h" linenumber="160" name="b_0" contextFuncName="wrapped_mmult_hw&lt;float, 32, 1024, 4, 5, 5&gt;" moduleName="HLS_accel" rtlName="b_0_U" latency="0" BRAM="-1" DSP="-1" FF="-1" LUT="-1" fileDirectory="C:\Users\pacel\Documents\Spring_2023\ECE_1195\lab_5"><\/item>
<item  id="46" filename="vhls/mmult.h" linenumber="160" name="b_1" contextFuncName="wrapped_mmult_hw&lt;float, 32, 1024, 4, 5, 5&gt;" moduleName="HLS_accel" rtlName="b_1_U" latency="0" BRAM="-1" DSP="-1" FF="-1" LUT="-1" fileDirectory="C:\Users\pacel\Documents\Spring_2023\ECE_1195\lab_5"><\/item>
<item  id="47" filename="vhls/mmult.h" linenumber="160" name="b_2" contextFuncName="wrapped_mmult_hw&lt;float, 32, 1024, 4, 5, 5&gt;" moduleName="HLS_accel" rtlName="b_2_U" latency="0" BRAM="-1" DSP="-1" FF="-1" LUT="-1" fileDirectory="C:\Users\pacel\Documents\Spring_2023\ECE_1195\lab_5"><\/item>
<item  id="48" filename="vhls/mmult.h" linenumber="160" name="b_3" contextFuncName="wrapped_mmult_hw&lt;float, 32, 1024, 4, 5, 5&gt;" moduleName="HLS_accel" rtlName="b_3_U" latency="0" BRAM="-1" DSP="-1" FF="-1" LUT="-1" fileDirectory="C:\Users\pacel\Documents\Spring_2023\ECE_1195\lab_5"><\/item>
<item  id="49" filename="vhls/mmult.h" linenumber="160" name="b_4" contextFuncName="wrapped_mmult_hw&lt;float, 32, 1024, 4, 5, 5&gt;" moduleName="HLS_accel" rtlName="b_4_U" latency="0" BRAM="-1" DSP="-1" FF="-1" LUT="-1" fileDirectory="C:\Users\pacel\Documents\Spring_2023\ECE_1195\lab_5"><\/item>
<item  id="50" filename="vhls/mmult.h" linenumber="160" name="b_5" contextFuncName="wrapped_mmult_hw&lt;float, 32, 1024, 4, 5, 5&gt;" moduleName="HLS_accel" rtlName="b_5_U" latency="0" BRAM="-1" DSP="-1" FF="-1" LUT="-1" fileDirectory="C:\Users\pacel\Documents\Spring_2023\ECE_1195\lab_5"><\/item>
<item  id="51" filename="vhls/mmult.h" linenumber="160" name="b_6" contextFuncName="wrapped_mmult_hw&lt;float, 32, 1024, 4, 5, 5&gt;" moduleName="HLS_accel" rtlName="b_6_U" latency="0" BRAM="-1" DSP="-1" FF="-1" LUT="-1" fileDirectory="C:\Users\pacel\Documents\Spring_2023\ECE_1195\lab_5"><\/item>
<item  id="52" filename="vhls/mmult.h" linenumber="160" name="b_7" contextFuncName="wrapped_mmult_hw&lt;float, 32, 1024, 4, 5, 5&gt;" moduleName="HLS_accel" rtlName="b_7_U" latency="0" BRAM="-1" DSP="-1" FF="-1" LUT="-1" fileDirectory="C:\Users\pacel\Documents\Spring_2023\ECE_1195\lab_5"><\/item>
<item  id="53" filename="vhls/mmult.h" linenumber="160" name="b_8" contextFuncName="wrapped_mmult_hw&lt;float, 32, 1024, 4, 5, 5&gt;" moduleName="HLS_accel" rtlName="b_8_U" latency="0" BRAM="-1" DSP="-1" FF="-1" LUT="-1" fileDirectory="C:\Users\pacel\Documents\Spring_2023\ECE_1195\lab_5"><\/item>
<item  id="54" filename="vhls/mmult.h" linenumber="160" name="b_9" contextFuncName="wrapped_mmult_hw&lt;float, 32, 1024, 4, 5, 5&gt;" moduleName="HLS_accel" rtlName="b_9_U" latency="0" BRAM="-1" DSP="-1" FF="-1" LUT="-1" fileDirectory="C:\Users\pacel\Documents\Spring_2023\ECE_1195\lab_5"><\/item>
<item  id="55" filename="vhls/mmult.h" linenumber="160" name="b_10" contextFuncName="wrapped_mmult_hw&lt;float, 32, 1024, 4, 5, 5&gt;" moduleName="HLS_accel" rtlName="b_10_U" latency="0" BRAM="-1" DSP="-1" FF="-1" LUT="-1" fileDirectory="C:\Users\pacel\Documents\Spring_2023\ECE_1195\lab_5"><\/item>
<item  id="56" filename="vhls/mmult.h" linenumber="160" name="b_11" contextFuncName="wrapped_mmult_hw&lt;float, 32, 1024, 4, 5, 5&gt;" moduleName="HLS_accel" rtlName="b_11_U" latency="0" BRAM="-1" DSP="-1" FF="-1" LUT="-1" fileDirectory="C:\Users\pacel\Documents\Spring_2023\ECE_1195\lab_5"><\/item>
<item  id="57" filename="vhls/mmult.h" linenumber="160" name="b_12" contextFuncName="wrapped_mmult_hw&lt;float, 32, 1024, 4, 5, 5&gt;" moduleName="HLS_accel" rtlName="b_12_U" latency="0" BRAM="-1" DSP="-1" FF="-1" LUT="-1" fileDirectory="C:\Users\pacel\Documents\Spring_2023\ECE_1195\lab_5"><\/item>
<item  id="58" filename="vhls/mmult.h" linenumber="160" name="b_13" contextFuncName="wrapped_mmult_hw&lt;float, 32, 1024, 4, 5, 5&gt;" moduleName="HLS_accel" rtlName="b_13_U" latency="0" BRAM="-1" DSP="-1" FF="-1" LUT="-1" fileDirectory="C:\Users\pacel\Documents\Spring_2023\ECE_1195\lab_5"><\/item>
<item  id="59" filename="vhls/mmult.h" linenumber="160" name="b_14" contextFuncName="wrapped_mmult_hw&lt;float, 32, 1024, 4, 5, 5&gt;" moduleName="HLS_accel" rtlName="b_14_U" latency="0" BRAM="-1" DSP="-1" FF="-1" LUT="-1" fileDirectory="C:\Users\pacel\Documents\Spring_2023\ECE_1195\lab_5"><\/item>
<item  id="60" filename="vhls/mmult.h" linenumber="160" name="b_15" contextFuncName="wrapped_mmult_hw&lt;float, 32, 1024, 4, 5, 5&gt;" moduleName="HLS_accel" rtlName="b_15_U" latency="0" BRAM="-1" DSP="-1" FF="-1" LUT="-1" fileDirectory="C:\Users\pacel\Documents\Spring_2023\ECE_1195\lab_5"><\/item>
<item  id="61" filename="vhls/mmult.h" linenumber="161" name="out" contextFuncName="wrapped_mmult_hw&lt;float, 32, 1024, 4, 5, 5&gt;" moduleName="HLS_accel" rtlName="out_U" latency="0" BRAM="-1" DSP="-1" FF="-1" LUT="-1" fileDirectory="C:\Users\pacel\Documents\Spring_2023\ECE_1195\lab_5"><\/item>
<item  id="75" filename="vhls/mmult.h" linenumber="166" name="i" contextFuncName="wrapped_mmult_hw&lt;float, 32, 1024, 4, 5, 5&gt;" moduleName="HLS_accel" rtlName="i_fu_1582_p2" latency="0" BRAM="-1" DSP="-1" FF="0" LUT="15" fileDirectory="C:\Users\pacel\Documents\Spring_2023\ECE_1195\lab_5"><\/item>
<item  id="76" filename="vhls/mmult.h" linenumber="167" name="exitcond4_i" contextFuncName="wrapped_mmult_hw&lt;float, 32, 1024, 4, 5, 5&gt;" moduleName="HLS_accel" rtlName="exitcond4_i_fu_1588_p2" latency="0" BRAM="-1" DSP="-1" FF="0" LUT="11" fileDirectory="C:\Users\pacel\Documents\Spring_2023\ECE_1195\lab_5"><\/item>
<item  id="77" filename="vhls/mmult.h" linenumber="167" name="j_0_i_mid2" contextFuncName="wrapped_mmult_hw&lt;float, 32, 1024, 4, 5, 5&gt;" moduleName="HLS_accel" rtlName="j_0_i_mid2_fu_1594_p3" latency="0" BRAM="-1" DSP="-1" FF="0" LUT="6" fileDirectory="C:\Users\pacel\Documents\Spring_2023\ECE_1195\lab_5"><\/item>
<item  id="78" filename="vhls/mmult.h" linenumber="171" name="tmp_1_mid2_v" contextFuncName="wrapped_mmult_hw&lt;float, 32, 1024, 4, 5, 5&gt;" moduleName="HLS_accel" rtlName="tmp_1_mid2_v_fu_1602_p3" latency="0" BRAM="-1" DSP="-1" FF="0" LUT="6" fileDirectory="C:\Users\pacel\Documents\Spring_2023\ECE_1195\lab_5"><\/item>
<item  id="83" filename="vhls/mmult.h" linenumber="110" name="ret" contextFuncName="pop_stream&lt;float, 4, 5, 5&gt;" moduleName="HLS_accel" rtlName="ret_fu_1610_p1" latency="0" BRAM="-1" DSP="-1" FF="-1" LUT="-1" fileDirectory="C:\Users\pacel\Documents\Spring_2023\ECE_1195\lab_5"><\/item>
<item  id="84" filename="vhls/mmult.h" linenumber="171" name="arrayNo_cast" contextFuncName="wrapped_mmult_hw&lt;float, 32, 1024, 4, 5, 5&gt;" moduleName="HLS_accel" rtlName="arrayNo_cast_fu_1630_p4" latency="0" BRAM="-1" DSP="-1" FF="-1" LUT="-1" fileDirectory="C:\Users\pacel\Documents\Spring_2023\ECE_1195\lab_5"><\/item>
<item  id="85" filename="vhls/mmult.h" linenumber="171" name="tmp_6" contextFuncName="wrapped_mmult_hw&lt;float, 32, 1024, 4, 5, 5&gt;" moduleName="HLS_accel" rtlName="tmp_6_fu_1640_p1" latency="0" BRAM="-1" DSP="-1" FF="-1" LUT="-1" fileDirectory="C:\Users\pacel\Documents\Spring_2023\ECE_1195\lab_5"><\/item>
<item  id="86" filename="vhls/mmult.h" linenumber="171" name="tmp" contextFuncName="wrapped_mmult_hw&lt;float, 32, 1024, 4, 5, 5&gt;" moduleName="HLS_accel" rtlName="tmp_fu_1644_p3" latency="0" BRAM="-1" DSP="-1" FF="-1" LUT="-1" fileDirectory="C:\Users\pacel\Documents\Spring_2023\ECE_1195\lab_5"><\/item>
<item  id="87" filename="vhls/mmult.h" linenumber="171" name="tmp_1" contextFuncName="wrapped_mmult_hw&lt;float, 32, 1024, 4, 5, 5&gt;" moduleName="HLS_accel" rtlName="tmp_1_fu_1652_p1" latency="0" BRAM="-1" DSP="-1" FF="-1" LUT="-1" fileDirectory="C:\Users\pacel\Documents\Spring_2023\ECE_1195\lab_5"><\/item>
<item  id="155" filename="vhls/mmult.h" linenumber="167" name="j" contextFuncName="wrapped_mmult_hw&lt;float, 32, 1024, 4, 5, 5&gt;" moduleName="HLS_accel" rtlName="j_fu_1672_p2" latency="0" BRAM="-1" DSP="-1" FF="0" LUT="15" fileDirectory="C:\Users\pacel\Documents\Spring_2023\ECE_1195\lab_5"><\/item>
<item  id="167" filename="vhls/mmult.h" linenumber="176" name="i_1" contextFuncName="wrapped_mmult_hw&lt;float, 32, 1024, 4, 5, 5&gt;" moduleName="HLS_accel" rtlName="i_1_fu_1690_p2" latency="0" BRAM="-1" DSP="-1" FF="0" LUT="15" fileDirectory="C:\Users\pacel\Documents\Spring_2023\ECE_1195\lab_5"><\/item>
<item  id="168" filename="vhls/mmult.h" linenumber="177" name="exitcond2_i" contextFuncName="wrapped_mmult_hw&lt;float, 32, 1024, 4, 5, 5&gt;" moduleName="HLS_accel" rtlName="exitcond2_i_fu_1696_p2" latency="0" BRAM="-1" DSP="-1" FF="0" LUT="11" fileDirectory="C:\Users\pacel\Documents\Spring_2023\ECE_1195\lab_5"><\/item>
<item  id="169" filename="vhls/mmult.h" linenumber="177" name="j2_0_i_mid2" contextFuncName="wrapped_mmult_hw&lt;float, 32, 1024, 4, 5, 5&gt;" moduleName="HLS_accel" rtlName="j2_0_i_mid2_fu_1702_p3" latency="0" BRAM="-1" DSP="-1" FF="0" LUT="6" fileDirectory="C:\Users\pacel\Documents\Spring_2023\ECE_1195\lab_5"><\/item>
<item  id="170" filename="vhls/mmult.h" linenumber="181" name="arrayNo1_cast_mid2_v" contextFuncName="wrapped_mmult_hw&lt;float, 32, 1024, 4, 5, 5&gt;" moduleName="HLS_accel" rtlName="arrayNo1_cast_mid2_v_fu_1710_p3" latency="0" BRAM="-1" DSP="-1" FF="0" LUT="6" fileDirectory="C:\Users\pacel\Documents\Spring_2023\ECE_1195\lab_5"><\/item>
<item  id="171" filename="vhls/mmult.h" linenumber="181" name="arrayNo1_cast_mid2" contextFuncName="wrapped_mmult_hw&lt;float, 32, 1024, 4, 5, 5&gt;" moduleName="HLS_accel" rtlName="arrayNo1_cast_mid2_fu_1718_p4" latency="0" BRAM="-1" DSP="-1" FF="-1" LUT="-1" fileDirectory="C:\Users\pacel\Documents\Spring_2023\ECE_1195\lab_5"><\/item>
<item  id="172" filename="vhls/mmult.h" linenumber="181" name="tmp_7" contextFuncName="wrapped_mmult_hw&lt;float, 32, 1024, 4, 5, 5&gt;" moduleName="HLS_accel" rtlName="tmp_7_fu_1728_p2" latency="0" BRAM="-1" DSP="-1" FF="-1" LUT="-1" fileDirectory="C:\Users\pacel\Documents\Spring_2023\ECE_1195\lab_5"><\/item>
<item  id="173" filename="vhls/mmult.h" linenumber="178" name="tmp_9_cast" contextFuncName="wrapped_mmult_hw&lt;float, 32, 1024, 4, 5, 5&gt;" moduleName="HLS_accel" rtlName="tmp_9_cast_fu_1734_p1" latency="0" BRAM="-1" DSP="-1" FF="-1" LUT="-1" fileDirectory="C:\Users\pacel\Documents\Spring_2023\ECE_1195\lab_5"><\/item>
<item  id="178" filename="vhls/mmult.h" linenumber="110" name="ret_1" contextFuncName="pop_stream&lt;float, 4, 5, 5&gt;" moduleName="HLS_accel" rtlName="ret_1_fu_1738_p1" latency="0" BRAM="-1" DSP="-1" FF="-1" LUT="-1" fileDirectory="C:\Users\pacel\Documents\Spring_2023\ECE_1195\lab_5"><\/item>
<item  id="179" filename="vhls/mmult.h" linenumber="181" name="tmp_6_cast" contextFuncName="wrapped_mmult_hw&lt;float, 32, 1024, 4, 5, 5&gt;" moduleName="HLS_accel" rtlName="tmp_6_cast_fu_1758_p1" latency="0" BRAM="-1" DSP="-1" FF="-1" LUT="-1" fileDirectory="C:\Users\pacel\Documents\Spring_2023\ECE_1195\lab_5"><\/item>
<item  id="180" filename="vhls/mmult.h" linenumber="181" name="tmp_8" contextFuncName="wrapped_mmult_hw&lt;float, 32, 1024, 4, 5, 5&gt;" moduleName="HLS_accel" rtlName="tmp_8_fu_1762_p2" latency="0" BRAM="-1" DSP="-1" FF="0" LUT="15" fileDirectory="C:\Users\pacel\Documents\Spring_2023\ECE_1195\lab_5"><\/item>
<item  id="181" filename="vhls/mmult.h" linenumber="181" name="tmp_12_cast" contextFuncName="wrapped_mmult_hw&lt;float, 32, 1024, 4, 5, 5&gt;" moduleName="HLS_accel" rtlName="tmp_12_cast_fu_1768_p1" latency="0" BRAM="-1" DSP="-1" FF="-1" LUT="-1" fileDirectory="C:\Users\pacel\Documents\Spring_2023\ECE_1195\lab_5"><\/item>
<item  id="249" filename="vhls/mmult.h" linenumber="177" name="j_1" contextFuncName="wrapped_mmult_hw&lt;float, 32, 1024, 4, 5, 5&gt;" moduleName="HLS_accel" rtlName="j_1_fu_1788_p2" latency="0" BRAM="-1" DSP="-1" FF="0" LUT="15" fileDirectory="C:\Users\pacel\Documents\Spring_2023\ECE_1195\lab_5"><\/item>
<item  id="257" filename="vhls/mmult.h" linenumber="84" name="tmp_9" contextFuncName="mmult_hw&lt;float, 32&gt;" moduleName="HLS_accel" rtlName="tmp_9_fu_1794_p3" latency="0" BRAM="-1" DSP="-1" FF="-1" LUT="-1" fileDirectory="C:\Users\pacel\Documents\Spring_2023\ECE_1195\lab_5"><\/item>
<item  id="258" filename="vhls/mmult.h" linenumber="84" name="tmp_11" contextFuncName="mmult_hw&lt;float, 32&gt;" moduleName="HLS_accel" rtlName="tmp_11_fu_1802_p2" latency="0" BRAM="-1" DSP="-1" FF="0" LUT="7" fileDirectory="C:\Users\pacel\Documents\Spring_2023\ECE_1195\lab_5"><\/item>
<item  id="259" filename="vhls/mmult.h" linenumber="84" name="tmp_12" contextFuncName="mmult_hw&lt;float, 32&gt;" moduleName="HLS_accel" rtlName="tmp_12_fu_1808_p3" latency="0" BRAM="-1" DSP="-1" FF="-1" LUT="-1" fileDirectory="C:\Users\pacel\Documents\Spring_2023\ECE_1195\lab_5"><\/item>
<item  id="264" filename="vhls/mmult.h" linenumber="78" name="i_2" contextFuncName="mmult_hw&lt;float, 32&gt;" moduleName="HLS_accel" rtlName="i_2_fu_1828_p2" latency="0" BRAM="-1" DSP="-1" FF="0" LUT="15" fileDirectory="C:\Users\pacel\Documents\Spring_2023\ECE_1195\lab_5"><\/item>
<item  id="265" filename="vhls/mmult.h" linenumber="79" name="exitcond1_i_i" contextFuncName="mmult_hw&lt;float, 32&gt;" moduleName="HLS_accel" rtlName="exitcond1_i_i_fu_1834_p2" latency="0" BRAM="-1" DSP="-1" FF="0" LUT="11" fileDirectory="C:\Users\pacel\Documents\Spring_2023\ECE_1195\lab_5"><\/item>
<item  id="266" filename="vhls/mmult.h" linenumber="79" name="j_0_i_i_mid2" contextFuncName="mmult_hw&lt;float, 32&gt;" moduleName="HLS_accel" rtlName="j_0_i_i_mid2_fu_1840_p3" latency="0" BRAM="-1" DSP="-1" FF="0" LUT="6" fileDirectory="C:\Users\pacel\Documents\Spring_2023\ECE_1195\lab_5"><\/item>
<item  id="267" filename="vhls/mmult.h" linenumber="78" name="tmp_13" contextFuncName="mmult_hw&lt;float, 32&gt;" moduleName="HLS_accel" rtlName="tmp_13_fu_1848_p3" latency="0" BRAM="-1" DSP="-1" FF="-1" LUT="-1" fileDirectory="C:\Users\pacel\Documents\Spring_2023\ECE_1195\lab_5"><\/item>
<item  id="268" filename="vhls/mmult.h" linenumber="78" name="tmp_14" contextFuncName="mmult_hw&lt;float, 32&gt;" moduleName="HLS_accel" rtlName="tmp_14_fu_1856_p2" latency="0" BRAM="-1" DSP="-1" FF="0" LUT="7" fileDirectory="C:\Users\pacel\Documents\Spring_2023\ECE_1195\lab_5"><\/item>
<item  id="269" filename="vhls/mmult.h" linenumber="84" name="tmp_15" contextFuncName="mmult_hw&lt;float, 32&gt;" moduleName="HLS_accel" rtlName="tmp_15_fu_1862_p3" latency="0" BRAM="-1" DSP="-1" FF="-1" LUT="-1" fileDirectory="C:\Users\pacel\Documents\Spring_2023\ECE_1195\lab_5"><\/item>
<item  id="270" filename="vhls/mmult.h" linenumber="84" name="p_v" contextFuncName="mmult_hw&lt;float, 32&gt;" moduleName="HLS_accel" rtlName="p_v_fu_1870_p3" latency="0" BRAM="-1" DSP="-1" FF="0" LUT="6" fileDirectory="C:\Users\pacel\Documents\Spring_2023\ECE_1195\lab_5"><\/item>
<item  id="271" filename="vhls/mmult.h" linenumber="84" name="tmp_16" contextFuncName="mmult_hw&lt;float, 32&gt;" moduleName="HLS_accel" rtlName="tmp_16_fu_1985_p3" latency="0" BRAM="-1" DSP="-1" FF="-1" LUT="-1" fileDirectory="C:\Users\pacel\Documents\Spring_2023\ECE_1195\lab_5"><\/item>
<item  id="272" filename="vhls/mmult.h" linenumber="84" name="tmp_22_cast" contextFuncName="mmult_hw&lt;float, 32&gt;" moduleName="HLS_accel" rtlName="tmp_22_cast_fu_1992_p1" latency="0" BRAM="-1" DSP="-1" FF="-1" LUT="-1" fileDirectory="C:\Users\pacel\Documents\Spring_2023\ECE_1195\lab_5"><\/item>
<item  id="273" filename="vhls/mmult.h" linenumber="84" name="a_0_load_mid2_v" contextFuncName="mmult_hw&lt;float, 32&gt;" moduleName="HLS_accel" rtlName="a_0_load_mid2_v_fu_1878_p3" latency="0" BRAM="-1" DSP="-1" FF="0" LUT="7" fileDirectory="C:\Users\pacel\Documents\Spring_2023\ECE_1195\lab_5"><\/item>
<item  id="274" filename="vhls/mmult.h" linenumber="84" name="a_0_load_mid2" contextFuncName="mmult_hw&lt;float, 32&gt;" moduleName="HLS_accel" rtlName="a_0_load_mid2_fu_1886_p1" latency="0" BRAM="-1" DSP="-1" FF="-1" LUT="-1" fileDirectory="C:\Users\pacel\Documents\Spring_2023\ECE_1195\lab_5"><\/item>
<item  id="277" filename="vhls/mmult.h" linenumber="84" name="a_0_load_1_mid2" contextFuncName="mmult_hw&lt;float, 32&gt;" moduleName="HLS_accel" rtlName="a_0_load_1_mid2_fu_1906_p3" latency="0" BRAM="-1" DSP="-1" FF="0" LUT="64" fileDirectory="C:\Users\pacel\Documents\Spring_2023\ECE_1195\lab_5"><\/item>
<item  id="342" filename="vhls/mmult.h" linenumber="84" name="tmp_4" contextFuncName="mmult_hw&lt;float, 32&gt;" moduleName="HLS_accel" rtlName="tmp_4_fu_1930_p1" latency="0" BRAM="-1" DSP="-1" FF="-1" LUT="-1" fileDirectory="C:\Users\pacel\Documents\Spring_2023\ECE_1195\lab_5"><\/item>
<item  id="343" filename="vhls/mmult.h" linenumber="84" name="tmp_4_cast1" contextFuncName="mmult_hw&lt;float, 32&gt;" moduleName="HLS_accel" rtlName="tmp_4_cast1_fu_1996_p1" latency="0" BRAM="-1" DSP="-1" FF="-1" LUT="-1" fileDirectory="C:\Users\pacel\Documents\Spring_2023\ECE_1195\lab_5"><\/item>
<item  id="344" filename="vhls/mmult.h" linenumber="84" name="tmp_4_cast" contextFuncName="mmult_hw&lt;float, 32&gt;" moduleName="HLS_accel" rtlName="tmp_4_cast_fu_1950_p1" latency="0" BRAM="-1" DSP="-1" FF="-1" LUT="-1" fileDirectory="C:\Users\pacel\Documents\Spring_2023\ECE_1195\lab_5"><\/item>
<item  id="346" filename="vhls/mmult.h" linenumber="84" name="tmp_17" contextFuncName="mmult_hw&lt;float, 32&gt;" moduleName="HLS_accel" rtlName="tmp_17_fu_1954_p2" latency="0" BRAM="-1" DSP="-1" FF="0" LUT="15" fileDirectory="C:\Users\pacel\Documents\Spring_2023\ECE_1195\lab_5"><\/item>
<item  id="347" filename="vhls/mmult.h" linenumber="84" name="tmp_23_cast" contextFuncName="mmult_hw&lt;float, 32&gt;" moduleName="HLS_accel" rtlName="tmp_23_cast_fu_1960_p1" latency="0" BRAM="-1" DSP="-1" FF="-1" LUT="-1" fileDirectory="C:\Users\pacel\Documents\Spring_2023\ECE_1195\lab_5"><\/item>
<item  id="379" filename="vhls/mmult.h" linenumber="86" name="tmp_18" contextFuncName="mmult_hw&lt;float, 32&gt;" moduleName="HLS_accel" rtlName="tmp_18_fu_1999_p2" latency="0" BRAM="-1" DSP="-1" FF="0" LUT="12" fileDirectory="C:\Users\pacel\Documents\Spring_2023\ECE_1195\lab_5"><\/item>
<item  id="380" filename="vhls/mmult.h" linenumber="86" name="tmp_24_cast" contextFuncName="mmult_hw&lt;float, 32&gt;" moduleName="HLS_accel" rtlName="tmp_24_cast_fu_2005_p1" latency="0" BRAM="-1" DSP="-1" FF="-1" LUT="-1" fileDirectory="C:\Users\pacel\Documents\Spring_2023\ECE_1195\lab_5"><\/item>
<item  id="383" filename="vhls/mmult.h" linenumber="84" name="tmp_5" contextFuncName="mmult_hw&lt;float, 32&gt;" moduleName="HLS_accel" rtlName="HLS_accel_fmul_32cud_U17" latency="3" BRAM="-1" DSP="-1" FF="-1" LUT="-1" fileDirectory="C:\Users\pacel\Documents\Spring_2023\ECE_1195\lab_5"><\/item>
<item  id="384" filename="vhls/mmult.h" linenumber="84" name="dp_sum" contextFuncName="mmult_hw&lt;float, 32&gt;" moduleName="HLS_accel" rtlName="HLS_accel_fadd_32bkb_U1" latency="4" BRAM="-1" DSP="-1" FF="-1" LUT="-1" fileDirectory="C:\Users\pacel\Documents\Spring_2023\ECE_1195\lab_5"><\/item>
<item  id="386" filename="vhls/mmult.h" linenumber="84" name="tmp_15_1" contextFuncName="mmult_hw&lt;float, 32&gt;" moduleName="HLS_accel" rtlName="HLS_accel_fmul_32cud_U18" latency="3" BRAM="-1" DSP="-1" FF="-1" LUT="-1" fileDirectory="C:\Users\pacel\Documents\Spring_2023\ECE_1195\lab_5"><\/item>
<item  id="387" filename="vhls/mmult.h" linenumber="84" name="dp_sum_1" contextFuncName="mmult_hw&lt;float, 32&gt;" moduleName="HLS_accel" rtlName="HLS_accel_fadd_32bkb_U1" latency="4" BRAM="-1" DSP="-1" FF="-1" LUT="-1" fileDirectory="C:\Users\pacel\Documents\Spring_2023\ECE_1195\lab_5"><\/item>
<item  id="389" filename="vhls/mmult.h" linenumber="84" name="tmp_15_2" contextFuncName="mmult_hw&lt;float, 32&gt;" moduleName="HLS_accel" rtlName="HLS_accel_fmul_32cud_U19" latency="3" BRAM="-1" DSP="-1" FF="-1" LUT="-1" fileDirectory="C:\Users\pacel\Documents\Spring_2023\ECE_1195\lab_5"><\/item>
<item  id="390" filename="vhls/mmult.h" linenumber="84" name="dp_sum_2" contextFuncName="mmult_hw&lt;float, 32&gt;" moduleName="HLS_accel" rtlName="HLS_accel_fadd_32bkb_U2" latency="4" BRAM="-1" DSP="-1" FF="-1" LUT="-1" fileDirectory="C:\Users\pacel\Documents\Spring_2023\ECE_1195\lab_5"><\/item>
<item  id="392" filename="vhls/mmult.h" linenumber="84" name="tmp_15_3" contextFuncName="mmult_hw&lt;float, 32&gt;" moduleName="HLS_accel" rtlName="HLS_accel_fmul_32cud_U20" latency="3" BRAM="-1" DSP="-1" FF="-1" LUT="-1" fileDirectory="C:\Users\pacel\Documents\Spring_2023\ECE_1195\lab_5"><\/item>
<item  id="393" filename="vhls/mmult.h" linenumber="84" name="dp_sum_3" contextFuncName="mmult_hw&lt;float, 32&gt;" moduleName="HLS_accel" rtlName="HLS_accel_fadd_32bkb_U2" latency="4" BRAM="-1" DSP="-1" FF="-1" LUT="-1" fileDirectory="C:\Users\pacel\Documents\Spring_2023\ECE_1195\lab_5"><\/item>
<item  id="395" filename="vhls/mmult.h" linenumber="84" name="tmp_15_4" contextFuncName="mmult_hw&lt;float, 32&gt;" moduleName="HLS_accel" rtlName="HLS_accel_fmul_32cud_U21" latency="3" BRAM="-1" DSP="-1" FF="-1" LUT="-1" fileDirectory="C:\Users\pacel\Documents\Spring_2023\ECE_1195\lab_5"><\/item>
<item  id="396" filename="vhls/mmult.h" linenumber="84" name="dp_sum_4" contextFuncName="mmult_hw&lt;float, 32&gt;" moduleName="HLS_accel" rtlName="HLS_accel_fadd_32bkb_U3" latency="4" BRAM="-1" DSP="-1" FF="-1" LUT="-1" fileDirectory="C:\Users\pacel\Documents\Spring_2023\ECE_1195\lab_5"><\/item>
<item  id="398" filename="vhls/mmult.h" linenumber="84" name="tmp_15_5" contextFuncName="mmult_hw&lt;float, 32&gt;" moduleName="HLS_accel" rtlName="HLS_accel_fmul_32cud_U22" latency="3" BRAM="-1" DSP="-1" FF="-1" LUT="-1" fileDirectory="C:\Users\pacel\Documents\Spring_2023\ECE_1195\lab_5"><\/item>
<item  id="399" filename="vhls/mmult.h" linenumber="84" name="dp_sum_5" contextFuncName="mmult_hw&lt;float, 32&gt;" moduleName="HLS_accel" rtlName="HLS_accel_fadd_32bkb_U3" latency="4" BRAM="-1" DSP="-1" FF="-1" LUT="-1" fileDirectory="C:\Users\pacel\Documents\Spring_2023\ECE_1195\lab_5"><\/item>
<item  id="401" filename="vhls/mmult.h" linenumber="84" name="tmp_15_6" contextFuncName="mmult_hw&lt;float, 32&gt;" moduleName="HLS_accel" rtlName="HLS_accel_fmul_32cud_U23" latency="3" BRAM="-1" DSP="-1" FF="-1" LUT="-1" fileDirectory="C:\Users\pacel\Documents\Spring_2023\ECE_1195\lab_5"><\/item>
<item  id="402" filename="vhls/mmult.h" linenumber="84" name="dp_sum_6" contextFuncName="mmult_hw&lt;float, 32&gt;" moduleName="HLS_accel" rtlName="HLS_accel_fadd_32bkb_U4" latency="4" BRAM="-1" DSP="-1" FF="-1" LUT="-1" fileDirectory="C:\Users\pacel\Documents\Spring_2023\ECE_1195\lab_5"><\/item>
<item  id="404" filename="vhls/mmult.h" linenumber="84" name="tmp_15_7" contextFuncName="mmult_hw&lt;float, 32&gt;" moduleName="HLS_accel" rtlName="HLS_accel_fmul_32cud_U24" latency="3" BRAM="-1" DSP="-1" FF="-1" LUT="-1" fileDirectory="C:\Users\pacel\Documents\Spring_2023\ECE_1195\lab_5"><\/item>
<item  id="405" filename="vhls/mmult.h" linenumber="84" name="dp_sum_7" contextFuncName="mmult_hw&lt;float, 32&gt;" moduleName="HLS_accel" rtlName="HLS_accel_fadd_32bkb_U4" latency="4" BRAM="-1" DSP="-1" FF="-1" LUT="-1" fileDirectory="C:\Users\pacel\Documents\Spring_2023\ECE_1195\lab_5"><\/item>
<item  id="407" filename="vhls/mmult.h" linenumber="84" name="tmp_15_8" contextFuncName="mmult_hw&lt;float, 32&gt;" moduleName="HLS_accel" rtlName="HLS_accel_fmul_32cud_U25" latency="3" BRAM="-1" DSP="-1" FF="-1" LUT="-1" fileDirectory="C:\Users\pacel\Documents\Spring_2023\ECE_1195\lab_5"><\/item>
<item  id="408" filename="vhls/mmult.h" linenumber="84" name="dp_sum_8" contextFuncName="mmult_hw&lt;float, 32&gt;" moduleName="HLS_accel" rtlName="HLS_accel_fadd_32bkb_U5" latency="4" BRAM="-1" DSP="-1" FF="-1" LUT="-1" fileDirectory="C:\Users\pacel\Documents\Spring_2023\ECE_1195\lab_5"><\/item>
<item  id="410" filename="vhls/mmult.h" linenumber="84" name="tmp_15_9" contextFuncName="mmult_hw&lt;float, 32&gt;" moduleName="HLS_accel" rtlName="HLS_accel_fmul_32cud_U26" latency="3" BRAM="-1" DSP="-1" FF="-1" LUT="-1" fileDirectory="C:\Users\pacel\Documents\Spring_2023\ECE_1195\lab_5"><\/item>
<item  id="411" filename="vhls/mmult.h" linenumber="84" name="dp_sum_9" contextFuncName="mmult_hw&lt;float, 32&gt;" moduleName="HLS_accel" rtlName="HLS_accel_fadd_32bkb_U5" latency="4" BRAM="-1" DSP="-1" FF="-1" LUT="-1" fileDirectory="C:\Users\pacel\Documents\Spring_2023\ECE_1195\lab_5"><\/item>
<item  id="413" filename="vhls/mmult.h" linenumber="84" name="tmp_15_s" contextFuncName="mmult_hw&lt;float, 32&gt;" moduleName="HLS_accel" rtlName="HLS_accel_fmul_32cud_U27" latency="3" BRAM="-1" DSP="-1" FF="-1" LUT="-1" fileDirectory="C:\Users\pacel\Documents\Spring_2023\ECE_1195\lab_5"><\/item>
<item  id="414" filename="vhls/mmult.h" linenumber="84" name="dp_sum_s" contextFuncName="mmult_hw&lt;float, 32&gt;" moduleName="HLS_accel" rtlName="HLS_accel_fadd_32bkb_U6" latency="4" BRAM="-1" DSP="-1" FF="-1" LUT="-1" fileDirectory="C:\Users\pacel\Documents\Spring_2023\ECE_1195\lab_5"><\/item>
<item  id="416" filename="vhls/mmult.h" linenumber="84" name="tmp_15_10" contextFuncName="mmult_hw&lt;float, 32&gt;" moduleName="HLS_accel" rtlName="HLS_accel_fmul_32cud_U28" latency="3" BRAM="-1" DSP="-1" FF="-1" LUT="-1" fileDirectory="C:\Users\pacel\Documents\Spring_2023\ECE_1195\lab_5"><\/item>
<item  id="417" filename="vhls/mmult.h" linenumber="84" name="dp_sum_10" contextFuncName="mmult_hw&lt;float, 32&gt;" moduleName="HLS_accel" rtlName="HLS_accel_fadd_32bkb_U6" latency="4" BRAM="-1" DSP="-1" FF="-1" LUT="-1" fileDirectory="C:\Users\pacel\Documents\Spring_2023\ECE_1195\lab_5"><\/item>
<item  id="419" filename="vhls/mmult.h" linenumber="84" name="tmp_15_11" contextFuncName="mmult_hw&lt;float, 32&gt;" moduleName="HLS_accel" rtlName="HLS_accel_fmul_32cud_U29" latency="3" BRAM="-1" DSP="-1" FF="-1" LUT="-1" fileDirectory="C:\Users\pacel\Documents\Spring_2023\ECE_1195\lab_5"><\/item>
<item  id="420" filename="vhls/mmult.h" linenumber="84" name="dp_sum_11" contextFuncName="mmult_hw&lt;float, 32&gt;" moduleName="HLS_accel" rtlName="HLS_accel_fadd_32bkb_U7" latency="4" BRAM="-1" DSP="-1" FF="-1" LUT="-1" fileDirectory="C:\Users\pacel\Documents\Spring_2023\ECE_1195\lab_5"><\/item>
<item  id="422" filename="vhls/mmult.h" linenumber="84" name="tmp_15_12" contextFuncName="mmult_hw&lt;float, 32&gt;" moduleName="HLS_accel" rtlName="HLS_accel_fmul_32cud_U30" latency="3" BRAM="-1" DSP="-1" FF="-1" LUT="-1" fileDirectory="C:\Users\pacel\Documents\Spring_2023\ECE_1195\lab_5"><\/item>
<item  id="423" filename="vhls/mmult.h" linenumber="84" name="dp_sum_12" contextFuncName="mmult_hw&lt;float, 32&gt;" moduleName="HLS_accel" rtlName="HLS_accel_fadd_32bkb_U7" latency="4" BRAM="-1" DSP="-1" FF="-1" LUT="-1" fileDirectory="C:\Users\pacel\Documents\Spring_2023\ECE_1195\lab_5"><\/item>
<item  id="425" filename="vhls/mmult.h" linenumber="84" name="tmp_15_13" contextFuncName="mmult_hw&lt;float, 32&gt;" moduleName="HLS_accel" rtlName="HLS_accel_fmul_32cud_U31" latency="3" BRAM="-1" DSP="-1" FF="-1" LUT="-1" fileDirectory="C:\Users\pacel\Documents\Spring_2023\ECE_1195\lab_5"><\/item>
<item  id="426" filename="vhls/mmult.h" linenumber="84" name="dp_sum_13" contextFuncName="mmult_hw&lt;float, 32&gt;" moduleName="HLS_accel" rtlName="HLS_accel_fadd_32bkb_U8" latency="4" BRAM="-1" DSP="-1" FF="-1" LUT="-1" fileDirectory="C:\Users\pacel\Documents\Spring_2023\ECE_1195\lab_5"><\/item>
<item  id="428" filename="vhls/mmult.h" linenumber="84" name="tmp_15_14" contextFuncName="mmult_hw&lt;float, 32&gt;" moduleName="HLS_accel" rtlName="HLS_accel_fmul_32cud_U32" latency="3" BRAM="-1" DSP="-1" FF="-1" LUT="-1" fileDirectory="C:\Users\pacel\Documents\Spring_2023\ECE_1195\lab_5"><\/item>
<item  id="429" filename="vhls/mmult.h" linenumber="84" name="dp_sum_14" contextFuncName="mmult_hw&lt;float, 32&gt;" moduleName="HLS_accel" rtlName="HLS_accel_fadd_32bkb_U8" latency="4" BRAM="-1" DSP="-1" FF="-1" LUT="-1" fileDirectory="C:\Users\pacel\Documents\Spring_2023\ECE_1195\lab_5"><\/item>
<item  id="431" filename="vhls/mmult.h" linenumber="84" name="tmp_15_15" contextFuncName="mmult_hw&lt;float, 32&gt;" moduleName="HLS_accel" rtlName="HLS_accel_fmul_32cud_U17" latency="3" BRAM="-1" DSP="-1" FF="-1" LUT="-1" fileDirectory="C:\Users\pacel\Documents\Spring_2023\ECE_1195\lab_5"><\/item>
<item  id="432" filename="vhls/mmult.h" linenumber="84" name="dp_sum_15" contextFuncName="mmult_hw&lt;float, 32&gt;" moduleName="HLS_accel" rtlName="HLS_accel_fadd_32bkb_U9" latency="4" BRAM="-1" DSP="-1" FF="-1" LUT="-1" fileDirectory="C:\Users\pacel\Documents\Spring_2023\ECE_1195\lab_5"><\/item>
<item  id="434" filename="vhls/mmult.h" linenumber="84" name="tmp_15_16" contextFuncName="mmult_hw&lt;float, 32&gt;" moduleName="HLS_accel" rtlName="HLS_accel_fmul_32cud_U18" latency="3" BRAM="-1" DSP="-1" FF="-1" LUT="-1" fileDirectory="C:\Users\pacel\Documents\Spring_2023\ECE_1195\lab_5"><\/item>
<item  id="435" filename="vhls/mmult.h" linenumber="84" name="dp_sum_16" contextFuncName="mmult_hw&lt;float, 32&gt;" moduleName="HLS_accel" rtlName="HLS_accel_fadd_32bkb_U9" latency="4" BRAM="-1" DSP="-1" FF="-1" LUT="-1" fileDirectory="C:\Users\pacel\Documents\Spring_2023\ECE_1195\lab_5"><\/item>
<item  id="437" filename="vhls/mmult.h" linenumber="84" name="tmp_15_17" contextFuncName="mmult_hw&lt;float, 32&gt;" moduleName="HLS_accel" rtlName="HLS_accel_fmul_32cud_U19" latency="3" BRAM="-1" DSP="-1" FF="-1" LUT="-1" fileDirectory="C:\Users\pacel\Documents\Spring_2023\ECE_1195\lab_5"><\/item>
<item  id="438" filename="vhls/mmult.h" linenumber="84" name="dp_sum_17" contextFuncName="mmult_hw&lt;float, 32&gt;" moduleName="HLS_accel" rtlName="HLS_accel_fadd_32bkb_U10" latency="4" BRAM="-1" DSP="-1" FF="-1" LUT="-1" fileDirectory="C:\Users\pacel\Documents\Spring_2023\ECE_1195\lab_5"><\/item>
<item  id="440" filename="vhls/mmult.h" linenumber="84" name="tmp_15_18" contextFuncName="mmult_hw&lt;float, 32&gt;" moduleName="HLS_accel" rtlName="HLS_accel_fmul_32cud_U20" latency="3" BRAM="-1" DSP="-1" FF="-1" LUT="-1" fileDirectory="C:\Users\pacel\Documents\Spring_2023\ECE_1195\lab_5"><\/item>
<item  id="441" filename="vhls/mmult.h" linenumber="84" name="dp_sum_18" contextFuncName="mmult_hw&lt;float, 32&gt;" moduleName="HLS_accel" rtlName="HLS_accel_fadd_32bkb_U10" latency="4" BRAM="-1" DSP="-1" FF="-1" LUT="-1" fileDirectory="C:\Users\pacel\Documents\Spring_2023\ECE_1195\lab_5"><\/item>
<item  id="443" filename="vhls/mmult.h" linenumber="84" name="tmp_15_19" contextFuncName="mmult_hw&lt;float, 32&gt;" moduleName="HLS_accel" rtlName="HLS_accel_fmul_32cud_U21" latency="3" BRAM="-1" DSP="-1" FF="-1" LUT="-1" fileDirectory="C:\Users\pacel\Documents\Spring_2023\ECE_1195\lab_5"><\/item>
<item  id="444" filename="vhls/mmult.h" linenumber="84" name="dp_sum_19" contextFuncName="mmult_hw&lt;float, 32&gt;" moduleName="HLS_accel" rtlName="HLS_accel_fadd_32bkb_U11" latency="4" BRAM="-1" DSP="-1" FF="-1" LUT="-1" fileDirectory="C:\Users\pacel\Documents\Spring_2023\ECE_1195\lab_5"><\/item>
<item  id="446" filename="vhls/mmult.h" linenumber="84" name="tmp_15_20" contextFuncName="mmult_hw&lt;float, 32&gt;" moduleName="HLS_accel" rtlName="HLS_accel_fmul_32cud_U22" latency="3" BRAM="-1" DSP="-1" FF="-1" LUT="-1" fileDirectory="C:\Users\pacel\Documents\Spring_2023\ECE_1195\lab_5"><\/item>
<item  id="447" filename="vhls/mmult.h" linenumber="84" name="dp_sum_20" contextFuncName="mmult_hw&lt;float, 32&gt;" moduleName="HLS_accel" rtlName="HLS_accel_fadd_32bkb_U11" latency="4" BRAM="-1" DSP="-1" FF="-1" LUT="-1" fileDirectory="C:\Users\pacel\Documents\Spring_2023\ECE_1195\lab_5"><\/item>
<item  id="449" filename="vhls/mmult.h" linenumber="84" name="tmp_15_21" contextFuncName="mmult_hw&lt;float, 32&gt;" moduleName="HLS_accel" rtlName="HLS_accel_fmul_32cud_U23" latency="3" BRAM="-1" DSP="-1" FF="-1" LUT="-1" fileDirectory="C:\Users\pacel\Documents\Spring_2023\ECE_1195\lab_5"><\/item>
<item  id="450" filename="vhls/mmult.h" linenumber="84" name="dp_sum_21" contextFuncName="mmult_hw&lt;float, 32&gt;" moduleName="HLS_accel" rtlName="HLS_accel_fadd_32bkb_U12" latency="4" BRAM="-1" DSP="-1" FF="-1" LUT="-1" fileDirectory="C:\Users\pacel\Documents\Spring_2023\ECE_1195\lab_5"><\/item>
<item  id="452" filename="vhls/mmult.h" linenumber="84" name="tmp_15_22" contextFuncName="mmult_hw&lt;float, 32&gt;" moduleName="HLS_accel" rtlName="HLS_accel_fmul_32cud_U24" latency="3" BRAM="-1" DSP="-1" FF="-1" LUT="-1" fileDirectory="C:\Users\pacel\Documents\Spring_2023\ECE_1195\lab_5"><\/item>
<item  id="453" filename="vhls/mmult.h" linenumber="84" name="dp_sum_22" contextFuncName="mmult_hw&lt;float, 32&gt;" moduleName="HLS_accel" rtlName="HLS_accel_fadd_32bkb_U12" latency="4" BRAM="-1" DSP="-1" FF="-1" LUT="-1" fileDirectory="C:\Users\pacel\Documents\Spring_2023\ECE_1195\lab_5"><\/item>
<item  id="455" filename="vhls/mmult.h" linenumber="84" name="tmp_15_23" contextFuncName="mmult_hw&lt;float, 32&gt;" moduleName="HLS_accel" rtlName="HLS_accel_fmul_32cud_U25" latency="3" BRAM="-1" DSP="-1" FF="-1" LUT="-1" fileDirectory="C:\Users\pacel\Documents\Spring_2023\ECE_1195\lab_5"><\/item>
<item  id="456" filename="vhls/mmult.h" linenumber="84" name="dp_sum_23" contextFuncName="mmult_hw&lt;float, 32&gt;" moduleName="HLS_accel" rtlName="HLS_accel_fadd_32bkb_U13" latency="4" BRAM="-1" DSP="-1" FF="-1" LUT="-1" fileDirectory="C:\Users\pacel\Documents\Spring_2023\ECE_1195\lab_5"><\/item>
<item  id="458" filename="vhls/mmult.h" linenumber="84" name="tmp_15_24" contextFuncName="mmult_hw&lt;float, 32&gt;" moduleName="HLS_accel" rtlName="HLS_accel_fmul_32cud_U26" latency="3" BRAM="-1" DSP="-1" FF="-1" LUT="-1" fileDirectory="C:\Users\pacel\Documents\Spring_2023\ECE_1195\lab_5"><\/item>
<item  id="459" filename="vhls/mmult.h" linenumber="84" name="dp_sum_24" contextFuncName="mmult_hw&lt;float, 32&gt;" moduleName="HLS_accel" rtlName="HLS_accel_fadd_32bkb_U13" latency="4" BRAM="-1" DSP="-1" FF="-1" LUT="-1" fileDirectory="C:\Users\pacel\Documents\Spring_2023\ECE_1195\lab_5"><\/item>
<item  id="461" filename="vhls/mmult.h" linenumber="84" name="tmp_15_25" contextFuncName="mmult_hw&lt;float, 32&gt;" moduleName="HLS_accel" rtlName="HLS_accel_fmul_32cud_U27" latency="3" BRAM="-1" DSP="-1" FF="-1" LUT="-1" fileDirectory="C:\Users\pacel\Documents\Spring_2023\ECE_1195\lab_5"><\/item>
<item  id="462" filename="vhls/mmult.h" linenumber="84" name="dp_sum_25" contextFuncName="mmult_hw&lt;float, 32&gt;" moduleName="HLS_accel" rtlName="HLS_accel_fadd_32bkb_U14" latency="4" BRAM="-1" DSP="-1" FF="-1" LUT="-1" fileDirectory="C:\Users\pacel\Documents\Spring_2023\ECE_1195\lab_5"><\/item>
<item  id="464" filename="vhls/mmult.h" linenumber="84" name="tmp_15_26" contextFuncName="mmult_hw&lt;float, 32&gt;" moduleName="HLS_accel" rtlName="HLS_accel_fmul_32cud_U28" latency="3" BRAM="-1" DSP="-1" FF="-1" LUT="-1" fileDirectory="C:\Users\pacel\Documents\Spring_2023\ECE_1195\lab_5"><\/item>
<item  id="465" filename="vhls/mmult.h" linenumber="84" name="dp_sum_26" contextFuncName="mmult_hw&lt;float, 32&gt;" moduleName="HLS_accel" rtlName="HLS_accel_fadd_32bkb_U14" latency="4" BRAM="-1" DSP="-1" FF="-1" LUT="-1" fileDirectory="C:\Users\pacel\Documents\Spring_2023\ECE_1195\lab_5"><\/item>
<item  id="467" filename="vhls/mmult.h" linenumber="84" name="tmp_15_27" contextFuncName="mmult_hw&lt;float, 32&gt;" moduleName="HLS_accel" rtlName="HLS_accel_fmul_32cud_U29" latency="3" BRAM="-1" DSP="-1" FF="-1" LUT="-1" fileDirectory="C:\Users\pacel\Documents\Spring_2023\ECE_1195\lab_5"><\/item>
<item  id="468" filename="vhls/mmult.h" linenumber="84" name="dp_sum_27" contextFuncName="mmult_hw&lt;float, 32&gt;" moduleName="HLS_accel" rtlName="HLS_accel_fadd_32bkb_U15" latency="4" BRAM="-1" DSP="-1" FF="-1" LUT="-1" fileDirectory="C:\Users\pacel\Documents\Spring_2023\ECE_1195\lab_5"><\/item>
<item  id="470" filename="vhls/mmult.h" linenumber="84" name="tmp_15_28" contextFuncName="mmult_hw&lt;float, 32&gt;" moduleName="HLS_accel" rtlName="HLS_accel_fmul_32cud_U30" latency="3" BRAM="-1" DSP="-1" FF="-1" LUT="-1" fileDirectory="C:\Users\pacel\Documents\Spring_2023\ECE_1195\lab_5"><\/item>
<item  id="471" filename="vhls/mmult.h" linenumber="84" name="dp_sum_28" contextFuncName="mmult_hw&lt;float, 32&gt;" moduleName="HLS_accel" rtlName="HLS_accel_fadd_32bkb_U15" latency="4" BRAM="-1" DSP="-1" FF="-1" LUT="-1" fileDirectory="C:\Users\pacel\Documents\Spring_2023\ECE_1195\lab_5"><\/item>
<item  id="473" filename="vhls/mmult.h" linenumber="84" name="tmp_15_29" contextFuncName="mmult_hw&lt;float, 32&gt;" moduleName="HLS_accel" rtlName="HLS_accel_fmul_32cud_U31" latency="3" BRAM="-1" DSP="-1" FF="-1" LUT="-1" fileDirectory="C:\Users\pacel\Documents\Spring_2023\ECE_1195\lab_5"><\/item>
<item  id="474" filename="vhls/mmult.h" linenumber="84" name="dp_sum_29" contextFuncName="mmult_hw&lt;float, 32&gt;" moduleName="HLS_accel" rtlName="HLS_accel_fadd_32bkb_U16" latency="4" BRAM="-1" DSP="-1" FF="-1" LUT="-1" fileDirectory="C:\Users\pacel\Documents\Spring_2023\ECE_1195\lab_5"><\/item>
<item  id="476" filename="vhls/mmult.h" linenumber="84" name="tmp_15_30" contextFuncName="mmult_hw&lt;float, 32&gt;" moduleName="HLS_accel" rtlName="HLS_accel_fmul_32cud_U32" latency="3" BRAM="-1" DSP="-1" FF="-1" LUT="-1" fileDirectory="C:\Users\pacel\Documents\Spring_2023\ECE_1195\lab_5"><\/item>
<item  id="477" filename="vhls/mmult.h" linenumber="84" name="dp_sum_30" contextFuncName="mmult_hw&lt;float, 32&gt;" moduleName="HLS_accel" rtlName="HLS_accel_fadd_32bkb_U16" latency="4" BRAM="-1" DSP="-1" FF="-1" LUT="-1" fileDirectory="C:\Users\pacel\Documents\Spring_2023\ECE_1195\lab_5"><\/item>
<item  id="480" filename="vhls/mmult.h" linenumber="79" name="j_3" contextFuncName="mmult_hw&lt;float, 32&gt;" moduleName="HLS_accel" rtlName="j_3_fu_1980_p2" latency="0" BRAM="-1" DSP="-1" FF="0" LUT="15" fileDirectory="C:\Users\pacel\Documents\Spring_2023\ECE_1195\lab_5"><\/item>
<item  id="492" filename="vhls/mmult.h" linenumber="188" name="i_3" contextFuncName="wrapped_mmult_hw&lt;float, 32, 1024, 4, 5, 5&gt;" moduleName="HLS_accel" rtlName="i_3_fu_2022_p2" latency="0" BRAM="-1" DSP="-1" FF="0" LUT="15" fileDirectory="C:\Users\pacel\Documents\Spring_2023\ECE_1195\lab_5"><\/item>
<item  id="493" filename="vhls/mmult.h" linenumber="189" name="exitcond_i" contextFuncName="wrapped_mmult_hw&lt;float, 32, 1024, 4, 5, 5&gt;" moduleName="HLS_accel" rtlName="exitcond_i_fu_2028_p2" latency="0" BRAM="-1" DSP="-1" FF="0" LUT="11" fileDirectory="C:\Users\pacel\Documents\Spring_2023\ECE_1195\lab_5"><\/item>
<item  id="494" filename="vhls/mmult.h" linenumber="189" name="j5_0_i_mid2" contextFuncName="wrapped_mmult_hw&lt;float, 32, 1024, 4, 5, 5&gt;" moduleName="HLS_accel" rtlName="j5_0_i_mid2_fu_2034_p3" latency="0" BRAM="-1" DSP="-1" FF="0" LUT="6" fileDirectory="C:\Users\pacel\Documents\Spring_2023\ECE_1195\lab_5"><\/item>
<item  id="495" filename="vhls/mmult.h" linenumber="192" name="tmp_8_mid2_v_v" contextFuncName="wrapped_mmult_hw&lt;float, 32, 1024, 4, 5, 5&gt;" moduleName="HLS_accel" rtlName="tmp_8_mid2_v_v_fu_2042_p3" latency="0" BRAM="-1" DSP="-1" FF="0" LUT="6" fileDirectory="C:\Users\pacel\Documents\Spring_2023\ECE_1195\lab_5"><\/item>
<item  id="496" filename="vhls/mmult.h" linenumber="192" name="tmp_19" contextFuncName="wrapped_mmult_hw&lt;float, 32, 1024, 4, 5, 5&gt;" moduleName="HLS_accel" rtlName="tmp_19_fu_2050_p1" latency="0" BRAM="-1" DSP="-1" FF="-1" LUT="-1" fileDirectory="C:\Users\pacel\Documents\Spring_2023\ECE_1195\lab_5"><\/item>
<item  id="497" filename="vhls/mmult.h" linenumber="192" name="tmp_8_mid2" contextFuncName="wrapped_mmult_hw&lt;float, 32, 1024, 4, 5, 5&gt;" moduleName="HLS_accel" rtlName="tmp_8_mid2_fu_2054_p3" latency="0" BRAM="-1" DSP="-1" FF="-1" LUT="-1" fileDirectory="C:\Users\pacel\Documents\Spring_2023\ECE_1195\lab_5"><\/item>
<item  id="498" filename="vhls/mmult.h" linenumber="192" name="tmp_20" contextFuncName="wrapped_mmult_hw&lt;float, 32, 1024, 4, 5, 5&gt;" moduleName="HLS_accel" rtlName="tmp_20_fu_2062_p3" latency="0" BRAM="-1" DSP="-1" FF="-1" LUT="-1" fileDirectory="C:\Users\pacel\Documents\Spring_2023\ECE_1195\lab_5"><\/item>
<item  id="499" filename="vhls/mmult.h" linenumber="189" name="tmp_27_cast" contextFuncName="wrapped_mmult_hw&lt;float, 32, 1024, 4, 5, 5&gt;" moduleName="HLS_accel" rtlName="tmp_27_cast_fu_2070_p1" latency="0" BRAM="-1" DSP="-1" FF="-1" LUT="-1" fileDirectory="C:\Users\pacel\Documents\Spring_2023\ECE_1195\lab_5"><\/item>
<item  id="500" filename="vhls/mmult.h" linenumber="189" name="j5_0_i_cast2" contextFuncName="wrapped_mmult_hw&lt;float, 32, 1024, 4, 5, 5&gt;" moduleName="HLS_accel" rtlName="j5_0_i_cast2_fu_2074_p1" latency="0" BRAM="-1" DSP="-1" FF="-1" LUT="-1" fileDirectory="C:\Users\pacel\Documents\Spring_2023\ECE_1195\lab_5"><\/item>
<item  id="503" filename="vhls/mmult.h" linenumber="192" name="k" contextFuncName="wrapped_mmult_hw&lt;float, 32, 1024, 4, 5, 5&gt;" moduleName="HLS_accel" rtlName="k_fu_2078_p2" latency="0" BRAM="-1" DSP="-1" FF="0" LUT="14" fileDirectory="C:\Users\pacel\Documents\Spring_2023\ECE_1195\lab_5"><\/item>
<item  id="504" filename="vhls/mmult.h" linenumber="193" name="tmp_11_cast" contextFuncName="wrapped_mmult_hw&lt;float, 32, 1024, 4, 5, 5&gt;" moduleName="HLS_accel" rtlName="tmp_11_cast_fu_2084_p1" latency="0" BRAM="-1" DSP="-1" FF="-1" LUT="-1" fileDirectory="C:\Users\pacel\Documents\Spring_2023\ECE_1195\lab_5"><\/item>
<item  id="505" filename="vhls/mmult.h" linenumber="193" name="tmp_21" contextFuncName="wrapped_mmult_hw&lt;float, 32, 1024, 4, 5, 5&gt;" moduleName="HLS_accel" rtlName="tmp_21_fu_2088_p2" latency="0" BRAM="-1" DSP="-1" FF="0" LUT="12" fileDirectory="C:\Users\pacel\Documents\Spring_2023\ECE_1195\lab_5"><\/item>
<item  id="506" filename="vhls/mmult.h" linenumber="193" name="tmp_28_cast" contextFuncName="wrapped_mmult_hw&lt;float, 32, 1024, 4, 5, 5&gt;" moduleName="HLS_accel" rtlName="tmp_28_cast_fu_2094_p1" latency="0" BRAM="-1" DSP="-1" FF="-1" LUT="-1" fileDirectory="C:\Users\pacel\Documents\Spring_2023\ECE_1195\lab_5"><\/item>
<item  id="508" filename="vhls/mmult.h" linenumber="193" name="last_assign" contextFuncName="wrapped_mmult_hw&lt;float, 32, 1024, 4, 5, 5&gt;" moduleName="HLS_accel" rtlName="last_assign_fu_2099_p2" latency="0" BRAM="-1" DSP="-1" FF="0" LUT="13" fileDirectory="C:\Users\pacel\Documents\Spring_2023\ECE_1195\lab_5"><\/item>
<item  id="510" filename="vhls/mmult.h" linenumber="135" name="val_assign" contextFuncName="push_stream&lt;float, 4, 5, 5&gt;" moduleName="HLS_accel" rtlName="val_assign_fu_2111_p1" latency="0" BRAM="-1" DSP="-1" FF="-1" LUT="-1" fileDirectory="C:\Users\pacel\Documents\Spring_2023\ECE_1195\lab_5"><\/item>
<item  id="513" filename="vhls/mmult.h" linenumber="189" name="j_2" contextFuncName="wrapped_mmult_hw&lt;float, 32, 1024, 4, 5, 5&gt;" moduleName="HLS_accel" rtlName="j_2_fu_2105_p2" latency="0" BRAM="-1" DSP="-1" FF="0" LUT="15" fileDirectory="C:\Users\pacel\Documents\Spring_2023\ECE_1195\lab_5"><\/item>
<\/annotationInfo>
</annotationInfo>
